employee_id,week_number,burnout_label,tasks_planned,tasks_completed,completion_rate,rework_count,focus_sessions,avg_focus_duration,context_switches,idle_time_mins,work_hours_per_day,after_hours_logins,breaks_taken,weekend_work_days,error_rate,submission_delays,revision_requests,mental_fatigue_score
E001,1,Low,15,13,0.906,0,4,71.0,5,23.9,7.3,0,5,0,0.023,1,0,2.2
E001,2,Low,16,15,0.948,0,4,118.2,5,37.5,7.0,1,3,0,0.057,1,1,1.0
E001,3,Low,16,14,0.894,0,6,84.0,5,11.7,7.7,1,4,0,0.067,0,1,2.0
E001,4,Low,11,9,0.857,0,6,100.8,2,2.6,8.9,1,4,0,0.069,0,1,1.2
E001,5,Low,17,15,0.886,0,6,96.6,5,1.4,8.8,1,4,0,0.06,1,1,2.0
E001,6,Low,16,14,0.935,0,4,118.2,3,18.0,7.8,1,4,0,0.064,0,1,2.1
E001,7,Medium,8,6,0.833,1,2,41.7,7,72.4,10.8,2,2,1,0.181,2,2,5.6
E001,8,Medium,14,9,0.653,1,2,53.2,9,57.6,9.0,4,1,1,0.209,2,4,4.1
E001,9,Medium,8,6,0.774,1,4,55.5,9,59.9,9.2,4,2,1,0.2,3,3,5.8
E001,10,Medium,10,7,0.723,1,4,51.4,6,83.3,9.7,3,1,0,0.178,2,3,4.1
E001,11,Medium,10,6,0.656,1,4,44.3,10,70.5,11.7,4,1,0,0.181,2,2,4.2
E001,12,High,8,2,0.355,0,2,22.5,19,150.7,13.5,6,1,1,0.331,6,8,8.1
E001,13,High,15,5,0.393,1,1,18.5,17,128.2,11.2,6,1,1,0.354,4,5,7.4
E001,14,High,12,7,0.621,2,2,14.4,21,156.2,11.5,5,1,2,0.312,6,6,9.1
E001,15,High,17,6,0.397,2,1,15.3,15,140.2,10.2,5,1,1,0.409,5,6,8.6
E001,16,High,8,5,0.635,1,2,21.9,20,160.9,11.0,7,1,2,0.368,5,6,8.2
E002,1,Low,14,12,0.873,0,6,71.2,2,34.3,7.7,1,5,0,0.063,0,0,1.7
E002,2,Low,10,8,0.876,0,4,83.9,4,37.5,7.3,1,3,0,0.027,0,0,2.8
E002,3,Low,16,14,0.884,1,5,118.9,5,21.2,7.5,1,4,0,0.074,0,1,2.3
E002,4,Low,10,8,0.892,0,6,103.6,4,34.3,7.8,0,5,0,0.076,1,1,2.3
E002,5,Low,11,9,0.906,0,4,99.8,2,11.4,7.6,1,4,0,0.047,0,0,1.4
E002,6,Low,13,11,0.886,0,4,70.7,5,26.0,8.7,0,3,0,0.053,0,0,2.3
E002,7,Medium,10,6,0.696,1,3,59.4,8,93.5,10.9,3,1,1,0.197,2,2,4.4
E002,8,Medium,12,9,0.759,1,2,31.3,9,96.4,11.9,2,2,0,0.212,2,2,4.9
E002,9,Medium,15,11,0.759,2,2,32.3,10,63.1,11.6,4,2,1,0.184,2,3,5.4
E002,10,Medium,14,9,0.663,1,3,48.5,11,61.5,9.8,3,2,1,0.211,2,2,5.4
E002,11,Medium,10,7,0.706,1,4,42.6,7,92.0,11.7,3,1,0,0.194,3,2,4.1
E002,12,High,8,3,0.415,1,2,21.6,21,146.3,10.1,5,1,1,0.495,5,6,9.6
E002,13,High,11,3,0.313,1,2,16.1,16,110.2,12.1,5,1,2,0.491,6,8,9.5
E002,14,High,14,6,0.44,2,1,22.7,17,110.6,13.9,6,1,1,0.449,6,7,8.3
E002,15,High,16,6,0.385,1,2,29.3,20,134.3,12.8,5,1,2,0.289,5,8,8.6
E002,16,High,13,6,0.524,1,1,22.8,18,159.0,12.2,6,0,1,0.262,5,8,7.5
E003,1,Low,14,11,0.852,0,5,65.5,4,1.6,8.7,1,3,0,0.048,1,1,2.0
E003,2,Low,8,7,0.902,0,5,86.0,4,1.9,8.9,1,4,0,0.036,1,1,2.9
E003,3,Low,8,7,0.931,0,4,69.8,5,37.8,8.9,1,5,0,0.068,1,1,2.1
E003,4,Low,9,8,0.919,0,6,109.2,5,15.4,8.9,1,5,0,0.032,0,1,1.2
E003,5,Low,17,14,0.856,0,5,101.0,2,26.2,7.8,1,4,0,0.04,0,0,2.0
E003,6,Low,10,9,0.955,0,4,116.2,5,29.4,8.6,0,4,0,0.045,1,1,2.2
E003,7,Medium,8,5,0.728,1,3,37.5,13,60.4,11.8,2,2,0,0.202,2,2,4.5
E003,8,Medium,11,8,0.752,0,2,39.6,8,46.0,9.2,2,1,0,0.114,2,3,5.4
E003,9,Medium,12,9,0.759,2,4,32.5,10,57.6,10.0,4,1,1,0.242,3,2,4.2
E003,10,Medium,8,5,0.744,1,4,59.9,7,66.5,11.7,4,1,1,0.245,2,3,5.7
E003,11,Medium,8,5,0.669,0,4,42.8,13,44.4,11.5,3,2,0,0.177,3,4,5.2
E003,12,High,10,5,0.599,1,1,28.9,14,147.4,11.4,7,0,1,0.344,6,7,7.7
E003,13,High,16,5,0.338,2,1,15.1,15,137.5,10.2,5,0,1,0.436,6,5,7.7
E003,14,High,12,5,0.427,1,1,11.7,14,117.9,13.9,5,1,1,0.261,4,8,8.6
E003,15,High,16,6,0.386,2,1,29.4,15,113.3,10.9,7,0,1,0.407,5,7,9.7
E003,16,High,9,5,0.611,1,2,29.0,21,131.6,10.4,5,1,2,0.297,5,8,8.1
E004,1,Low,10,8,0.89,0,4,118.5,5,18.1,7.1,0,3,0,0.045,0,1,1.5
E004,2,Low,8,7,0.973,0,5,85.0,2,24.5,7.8,1,4,0,0.072,0,0,1.1
E004,3,Low,16,15,0.967,1,5,119.2,2,15.1,8.5,0,4,0,0.07,0,0,1.1
E004,4,Low,12,10,0.912,0,4,60.8,4,34.6,8.6,0,3,0,0.08,0,0,2.5
E004,5,Low,9,8,0.964,0,6,74.8,3,8.2,7.5,0,3,0,0.032,0,0,2.5
E004,6,Low,16,14,0.904,0,6,100.3,3,19.0,8.7,1,3,0,0.053,0,1,2.8
E004,7,Medium,9,6,0.762,0,4,30.9,12,87.1,10.9,4,1,0,0.12,3,3,4.7
E004,8,Medium,12,9,0.771,1,4,43.1,12,83.6,10.6,2,2,0,0.159,2,3,5.7
E004,9,Medium,10,8,0.801,1,3,57.8,7,86.1,9.2,2,2,1,0.174,2,3,5.3
E004,10,Medium,10,7,0.752,1,4,33.8,12,64.0,11.1,2,1,1,0.171,2,3,5.2
E004,11,Medium,17,11,0.658,1,2,40.4,7,50.6,9.3,2,1,0,0.153,3,3,4.3
E004,12,High,15,8,0.535,2,1,11.8,20,150.2,10.3,6,0,1,0.344,4,6,9.6
E004,13,High,15,8,0.554,3,1,29.7,20,129.6,11.9,6,1,1,0.383,5,5,7.2
E004,14,High,12,4,0.345,1,1,27.9,19,160.0,10.1,6,1,2,0.383,6,8,7.8
E004,15,High,9,3,0.362,1,1,16.4,20,107.1,12.1,5,0,1,0.398,5,7,8.9
E004,16,High,15,4,0.33,1,1,24.7,20,159.6,11.7,7,1,1,0.334,5,8,8.7
E005,1,Low,15,13,0.925,0,5,96.3,2,0.3,7.5,1,5,0,0.049,1,0,1.2
E005,2,Low,13,12,0.985,0,6,63.1,4,16.4,9.0,0,4,0,0.044,1,0,2.7
E005,3,Low,13,12,0.996,0,5,70.3,4,32.8,8.4,0,4,0,0.037,1,0,1.4
E005,4,Low,10,9,0.957,0,4,104.2,5,4.6,8.2,1,4,0,0.055,0,0,2.0
E005,5,Low,16,13,0.858,0,5,87.3,2,2.5,9.0,0,4,0,0.025,0,0,1.0
E005,6,Low,10,9,0.939,0,5,84.7,3,4.3,8.7,1,4,0,0.027,1,0,2.9
E005,7,Medium,17,11,0.663,2,3,31.4,10,48.4,11.4,3,2,1,0.224,2,2,4.5
E005,8,Medium,8,6,0.822,1,2,56.3,6,81.0,10.4,3,2,0,0.194,2,4,4.9
E005,9,Medium,17,11,0.694,1,2,41.7,7,72.6,11.7,4,1,0,0.165,2,4,5.5
E005,10,Medium,11,7,0.676,1,4,56.4,6,72.0,11.7,2,2,0,0.147,2,4,5.5
E005,11,Medium,12,9,0.758,1,3,44.8,7,60.5,11.5,4,1,1,0.169,3,4,5.6
E005,12,High,13,6,0.465,2,2,24.4,15,101.0,12.4,6,0,1,0.336,6,6,9.7
E005,13,High,11,4,0.377,1,1,19.2,19,149.2,13.6,6,1,1,0.314,6,8,7.3
E005,14,High,8,4,0.569,1,1,24.1,15,161.7,11.5,5,1,1,0.434,4,6,9.7
E005,15,High,12,4,0.339,1,1,13.3,17,110.0,13.7,7,1,1,0.307,6,5,8.1
E005,16,High,8,3,0.414,1,2,25.8,15,126.7,11.6,5,1,1,0.481,6,6,8.4
E006,1,Low,13,12,0.938,0,6,87.1,4,9.9,8.2,1,4,0,0.022,0,0,2.6
E006,2,Low,14,12,0.883,0,5,99.8,4,39.0,7.9,1,4,0,0.072,0,0,1.4
E006,3,Low,15,14,0.939,0,4,83.8,4,8.4,8.8,1,4,0,0.031,0,0,1.9
E006,4,Low,15,14,0.938,0,4,106.5,4,21.1,8.1,0,4,0,0.05,0,0,1.2
E006,5,Low,15,14,0.979,0,6,105.2,3,10.8,8.3,1,3,0,0.022,1,1,2.4
E006,6,Low,15,12,0.854,0,6,75.2,4,26.9,7.0,1,3,0,0.068,0,0,2.3
E006,7,Medium,14,9,0.669,1,3,48.1,11,89.8,10.2,2,2,0,0.161,2,3,4.0
E006,8,Medium,9,7,0.79,1,2,30.8,10,92.6,10.9,3,2,0,0.223,3,4,4.5
E006,9,Medium,15,10,0.719,1,4,38.0,10,60.7,11.3,2,2,0,0.144,3,3,5.5
E006,10,Medium,14,9,0.672,1,3,44.6,11,68.3,9.5,3,1,0,0.14,3,3,5.3
E006,11,Medium,16,11,0.691,1,3,55.0,9,47.9,11.7,3,1,0,0.103,3,2,5.6
E006,12,High,9,3,0.393,0,1,18.1,19,166.4,10.8,6,1,1,0.316,6,6,9.2
E006,13,High,12,6,0.504,1,1,19.9,15,173.2,11.7,6,1,2,0.262,5,7,7.6
E006,14,High,15,7,0.505,2,2,11.4,16,123.1,11.4,5,0,1,0.403,5,6,8.2
E006,15,High,16,9,0.619,4,1,19.7,15,102.5,11.0,7,1,1,0.462,6,5,7.5
E006,16,High,10,5,0.562,1,1,16.9,21,158.3,12.0,7,1,2,0.365,6,7,7.2
E007,1,Low,15,13,0.891,1,5,66.2,2,3.7,8.8,0,3,0,0.077,0,0,1.4
E007,2,Low,16,15,0.964,1,6,108.4,4,29.0,8.3,1,3,0,0.074,1,0,2.4
E007,3,Low,16,15,0.992,1,6,62.6,5,37.0,7.4,0,4,0,0.075,1,0,2.4
E007,4,Low,15,13,0.879,0,5,85.3,2,19.0,8.7,0,5,0,0.039,1,0,1.1
E007,5,Low,16,14,0.885,0,4,64.6,2,21.2,7.9,0,5,0,0.039,0,1,2.6
E007,6,Low,9,8,0.961,0,4,113.2,3,35.1,7.8,0,4,0,0.079,0,0,1.4
E007,7,Medium,16,13,0.828,2,4,32.1,11,61.0,11.3,2,2,0,0.172,3,4,4.8
E007,8,Medium,12,8,0.714,1,2,52.0,6,46.6,10.1,3,2,1,0.207,2,2,4.6
E007,9,Medium,15,12,0.838,1,2,33.3,6,80.8,9.7,3,1,0,0.139,3,3,6.0
E007,10,Medium,9,6,0.739,1,2,59.7,12,99.5,9.7,2,1,1,0.191,2,3,4.5
E007,11,Medium,17,12,0.723,2,2,35.6,8,89.6,11.4,3,1,0,0.233,2,3,5.1
E007,12,High,9,4,0.475,1,2,23.9,21,171.8,11.9,5,1,1,0.384,4,8,8.7
E007,13,High,9,4,0.456,1,2,15.3,17,138.1,10.2,6,1,2,0.452,4,5,9.2
E007,14,High,15,6,0.439,1,1,10.1,16,157.9,12.0,6,0,2,0.277,4,5,9.6
E007,15,High,8,4,0.6,1,2,21.8,15,145.7,12.6,7,0,1,0.433,6,8,9.0
E007,16,High,16,5,0.353,1,2,24.2,16,119.1,13.7,7,0,2,0.297,4,7,9.9
E008,1,Low,14,11,0.854,0,6,60.3,5,13.4,8.5,0,4,0,0.069,1,0,2.0
E008,2,Low,17,14,0.879,0,4,97.0,2,22.4,7.2,1,3,0,0.067,1,0,2.5
E008,3,Low,8,7,0.915,0,5,80.5,5,7.2,8.5,1,4,0,0.077,1,0,2.5
E008,4,Low,14,13,0.937,1,4,63.5,5,1.8,8.7,1,5,0,0.078,1,0,1.3
E008,5,Low,10,8,0.86,0,4,79.4,4,32.8,7.5,0,4,0,0.03,1,0,2.9
E008,6,Low,8,7,0.918,0,6,91.6,2,27.7,7.4,1,5,0,0.061,1,0,1.5
E008,7,Medium,9,7,0.833,1,2,58.3,13,91.4,11.9,4,1,0,0.248,2,3,5.8
E008,8,Medium,9,6,0.69,0,2,49.6,9,73.8,10.4,4,2,1,0.128,2,2,5.6
E008,9,Medium,11,8,0.795,1,4,53.9,9,42.0,11.8,4,2,1,0.169,3,3,5.2
E008,10,Medium,12,8,0.732,1,3,36.8,9,43.9,10.7,2,2,1,0.165,3,2,4.3
E008,11,Medium,15,9,0.664,1,3,44.4,12,83.3,11.0,2,1,1,0.217,3,4,5.0
E008,12,High,16,5,0.35,1,2,29.7,21,101.5,11.9,5,1,2,0.252,4,6,8.6
E008,13,High,8,3,0.419,1,1,26.5,15,131.8,10.5,7,1,2,0.423,6,6,7.1
E008,14,High,14,8,0.624,3,1,24.1,19,147.6,12.5,7,1,1,0.427,5,8,9.4
E008,15,High,14,7,0.525,3,2,21.0,15,162.7,11.9,7,0,2,0.433,6,6,7.2
E008,16,High,9,4,0.521,1,1,27.4,15,126.3,11.9,5,1,1,0.447,6,8,8.5
E009,1,Low,8,6,0.853,0,6,73.7,5,21.7,8.0,1,4,0,0.044,0,0,1.8
E009,2,Low,16,15,0.976,1,4,112.1,4,16.6,8.7,0,4,0,0.079,1,1,2.7
E009,3,Low,10,9,0.916,0,4,83.7,5,34.9,8.8,1,5,0,0.037,0,1,2.8
E009,4,Low,12,11,0.943,0,4,104.0,4,31.0,7.8,1,5,0,0.058,1,1,2.0
E009,5,Low,16,15,0.978,0,4,86.2,3,34.8,7.9,1,5,0,0.042,1,0,1.3
E009,6,Low,13,12,0.995,0,5,111.5,2,13.0,8.5,1,3,0,0.034,0,0,2.8
E009,7,Medium,12,8,0.682,1,3,43.5,9,89.7,10.3,4,2,0,0.138,3,2,5.2
E009,8,Medium,12,9,0.751,1,2,55.3,9,66.8,11.6,3,2,0,0.117,3,3,4.1
E009,9,Medium,9,7,0.828,1,2,49.2,8,67.1,11.8,2,1,0,0.188,3,3,4.8
E009,10,Medium,11,9,0.833,1,4,30.5,6,78.3,11.6,4,2,0,0.178,2,3,4.3
E009,11,Medium,14,10,0.784,2,3,52.0,13,98.2,9.3,2,2,1,0.23,3,4,5.4
E009,12,High,8,5,0.633,1,1,23.7,15,119.5,13.3,7,1,1,0.258,4,6,9.8
E009,13,High,16,5,0.373,1,2,26.5,21,152.1,10.4,6,1,2,0.262,4,5,8.2
E009,14,High,8,2,0.331,0,1,24.8,17,152.0,13.1,6,0,2,0.475,4,5,8.0
E009,15,High,8,2,0.341,0,2,23.0,18,126.0,11.5,7,0,1,0.345,4,5,8.8
E009,16,High,13,5,0.451,1,2,11.5,16,113.5,12.6,6,1,1,0.345,5,8,8.6
E010,1,Low,12,11,0.987,0,4,80.5,5,6.0,8.1,0,5,0,0.044,0,1,2.5
E010,2,Low,9,7,0.879,0,6,113.8,2,35.9,7.5,0,5,0,0.024,0,0,1.7
E010,3,Low,11,9,0.875,0,4,77.1,4,37.2,8.1,1,4,0,0.057,1,1,1.5
E010,4,Low,15,14,0.973,0,5,70.9,4,34.4,8.6,0,5,0,0.038,0,1,1.4
E010,5,Low,16,15,0.994,0,5,108.4,2,14.9,8.1,0,5,0,0.02,1,1,2.0
E010,6,Low,10,9,0.969,0,6,96.7,3,14.4,8.8,1,3,0,0.034,0,1,1.5
E010,7,Medium,12,9,0.812,1,4,50.0,7,86.0,9.4,4,2,0,0.125,2,3,4.9
E010,8,Medium,10,6,0.668,1,2,49.3,9,52.4,10.9,2,2,0,0.189,3,2,6.0
E010,9,Medium,14,10,0.763,1,3,42.1,11,66.7,11.2,4,1,1,0.119,2,3,4.7
E010,10,Medium,12,9,0.797,0,2,56.8,8,64.1,10.1,3,1,0,0.11,2,3,5.3
E010,11,Medium,14,9,0.702,1,3,50.4,9,59.5,10.0,3,2,0,0.157,3,2,6.0
E010,12,High,14,6,0.458,1,2,21.6,15,176.6,10.7,7,0,1,0.293,5,6,8.3
E010,13,High,15,8,0.557,3,1,16.0,21,163.6,13.7,5,0,2,0.494,5,5,9.2
E010,14,High,11,5,0.484,2,1,23.4,17,149.9,10.4,7,1,1,0.402,5,8,9.1
E010,15,High,9,3,0.403,1,2,16.8,14,107.0,13.7,5,0,1,0.456,5,7,9.8
E010,16,High,15,7,0.475,2,1,25.7,20,179.4,13.4,6,1,1,0.349,5,6,8.9
E011,1,Low,11,10,0.93,0,5,108.4,5,8.5,8.6,0,3,0,0.021,0,1,1.4
E011,2,Low,11,10,0.936,0,5,109.3,2,19.2,7.6,0,4,0,0.028,1,1,2.7
E011,3,Low,11,10,0.925,0,4,109.5,2,14.7,7.1,1,3,0,0.034,0,1,2.6
E011,4,Low,16,14,0.916,0,6,98.4,2,0.7,8.2,0,5,0,0.043,0,0,1.4
E011,5,Low,10,8,0.859,0,6,105.3,4,27.8,9.0,0,3,0,0.029,0,1,1.6
E011,6,Low,12,10,0.877,0,4,90.6,4,9.2,7.5,1,3,0,0.057,1,1,1.9
E011,7,Medium,12,9,0.818,1,3,49.6,8,62.1,10.2,3,1,0,0.158,2,3,4.5
E011,8,Medium,12,7,0.654,1,4,47.5,12,48.2,10.6,2,1,0,0.225,2,2,4.4
E011,9,Medium,16,13,0.832,1,2,33.3,9,78.8,10.5,4,1,1,0.119,3,3,5.0
E011,10,Medium,9,6,0.767,1,2,43.8,10,97.4,9.4,2,2,0,0.241,3,2,4.6
E011,11,Medium,8,5,0.657,0,2,54.8,12,79.6,11.7,2,1,0,0.11,3,2,4.3
E011,12,High,17,7,0.451,1,2,10.8,14,159.7,12.6,7,1,1,0.253,4,8,9.2
E011,13,High,17,7,0.457,1,2,17.0,20,175.4,13.1,7,0,2,0.275,5,6,9.3
E011,14,High,11,3,0.307,1,2,20.3,14,123.6,13.1,5,0,2,0.417,6,5,7.8
E011,15,High,9,5,0.563,1,1,29.2,20,103.4,13.9,5,1,2,0.369,5,6,8.5
E011,16,High,11,3,0.344,1,1,12.2,15,118.0,11.5,7,1,2,0.347,5,6,7.8
E012,1,Low,12,10,0.868,0,6,113.2,5,39.7,8.3,1,5,0,0.073,1,0,2.1
E012,2,Low,9,8,0.963,0,4,118.7,3,29.1,8.6,1,5,0,0.039,1,0,1.5
E012,3,Low,10,8,0.866,0,4,103.6,4,38.6,8.0,0,3,0,0.045,0,0,2.5
E012,4,Low,8,7,0.895,0,6,69.1,3,34.9,8.3,1,3,0,0.03,1,1,1.0
E012,5,Low,9,8,0.961,0,6,119.5,5,7.8,8.8,1,5,0,0.039,0,1,2.6
E012,6,Low,11,9,0.903,0,4,92.3,5,0.2,8.5,1,3,0,0.021,0,1,2.5
E012,7,Medium,12,8,0.712,1,4,55.3,11,92.6,12.0,4,1,1,0.208,3,3,5.2
E012,8,Medium,15,11,0.776,1,3,50.9,10,41.7,9.5,2,1,1,0.16,2,2,5.3
E012,9,Medium,10,6,0.67,0,3,46.8,9,43.2,10.5,3,2,0,0.14,3,4,5.0
E012,10,Medium,9,5,0.661,0,2,52.4,7,82.5,11.4,4,2,0,0.122,2,2,4.9
E012,11,Medium,13,9,0.721,1,2,47.9,8,86.0,11.2,3,1,0,0.163,3,4,4.2
E012,12,High,13,8,0.637,2,2,17.7,14,176.0,10.8,5,1,2,0.291,6,5,8.8
E012,13,High,17,6,0.393,2,1,28.6,16,175.3,11.0,6,1,1,0.344,4,8,9.4
E012,14,High,16,9,0.619,3,2,12.7,17,104.0,13.6,7,0,2,0.432,5,5,7.5
E012,15,High,17,9,0.555,2,2,19.4,18,105.5,10.2,6,1,2,0.319,6,8,9.4
E012,16,High,12,4,0.392,1,2,18.6,14,162.1,10.3,5,1,2,0.262,5,6,8.7
E013,1,Low,17,15,0.93,1,4,106.3,3,36.0,7.0,1,5,0,0.078,0,1,2.9
E013,2,Low,12,11,0.974,0,5,103.8,3,39.2,7.3,0,4,0,0.031,0,0,1.6
E013,3,Low,9,8,0.941,0,4,71.0,2,6.0,7.5,1,3,0,0.071,0,0,2.0
E013,4,Low,13,11,0.911,0,6,64.1,3,22.0,8.2,1,4,0,0.071,1,0,1.3
E013,5,Low,10,9,0.977,0,5,65.9,5,16.5,8.3,1,5,0,0.051,1,0,1.9
E013,6,Low,16,15,0.968,0,6,112.3,3,13.2,8.5,1,5,0,0.032,0,0,2.8
E013,7,Medium,9,6,0.756,1,3,46.7,7,43.9,10.4,2,2,1,0.22,2,4,5.6
E013,8,Medium,15,10,0.668,1,2,58.9,13,51.2,9.3,2,2,0,0.195,2,2,4.8
E013,9,Medium,15,11,0.749,2,3,53.8,12,76.8,10.1,4,2,0,0.248,2,2,4.1
E013,10,Medium,14,11,0.82,1,4,39.4,11,76.9,9.3,2,2,0,0.176,3,2,4.8
E013,11,Medium,16,10,0.673,1,3,49.0,9,99.8,11.9,4,1,1,0.102,2,4,5.1
E013,12,High,9,5,0.58,1,2,11.6,18,177.9,11.3,5,1,2,0.385,6,8,7.9
E013,13,High,10,5,0.579,2,2,16.3,21,139.5,13.3,6,1,2,0.428,5,6,9.2
E013,14,High,8,2,0.348,0,1,24.8,15,159.9,12.6,6,0,1,0.452,5,7,7.8
E013,15,High,10,3,0.343,1,2,12.1,16,154.9,10.3,7,1,1,0.414,4,8,7.2
E013,16,High,9,4,0.536,1,1,14.3,20,117.0,10.1,5,0,2,0.44,4,7,9.4
E014,1,Low,10,9,0.948,0,5,100.2,4,6.8,7.8,1,4,0,0.034,0,1,1.3
E014,2,Low,10,9,0.997,0,5,88.7,2,1.7,8.5,1,4,0,0.037,1,0,1.6
E014,3,Low,11,10,0.974,0,6,108.3,5,39.3,8.2,0,5,0,0.058,0,1,2.3
E014,4,Low,10,8,0.867,0,5,67.2,5,3.9,7.5,1,3,0,0.048,0,1,2.2
E014,5,Low,14,12,0.884,0,5,104.6,5,2.6,8.8,1,3,0,0.04,1,0,3.0
E014,6,Low,12,11,0.93,0,5,107.7,3,17.2,7.5,1,4,0,0.054,0,0,1.5
E014,7,Medium,15,11,0.764,2,2,52.1,6,94.6,11.0,2,2,1,0.243,3,2,5.4
E014,8,Medium,11,7,0.71,1,3,53.2,6,60.4,9.5,3,2,0,0.195,3,2,5.4
E014,9,Medium,13,10,0.779,2,3,53.6,8,79.1,11.9,3,1,0,0.248,3,4,4.8
E014,10,Medium,10,6,0.698,0,2,31.2,11,42.7,9.4,3,1,0,0.15,2,4,4.4
E014,11,Medium,17,12,0.735,1,2,45.5,11,91.2,9.1,4,2,1,0.143,2,2,4.9
E014,12,High,10,3,0.4,1,2,15.6,21,107.0,12.5,5,0,1,0.377,4,7,8.5
E014,13,High,17,7,0.453,2,1,15.5,14,131.2,12.9,5,0,1,0.402,4,5,9.2
E014,14,High,11,5,0.545,2,1,22.7,20,157.4,13.3,5,0,2,0.422,5,8,8.2
E014,15,High,17,7,0.425,3,1,21.9,21,160.1,10.3,6,0,1,0.437,5,7,8.9
E014,16,High,13,5,0.423,1,1,22.0,19,150.9,13.7,5,0,2,0.293,5,7,9.2
E015,1,Low,8,7,0.974,0,5,68.5,2,27.8,8.1,0,3,0,0.025,0,1,2.8
E015,2,Low,13,11,0.882,0,4,103.8,2,2.7,7.8,0,4,0,0.044,0,0,2.1
E015,3,Low,16,15,0.968,0,5,83.1,4,34.3,8.8,0,5,0,0.039,1,1,1.7
E015,4,Low,17,14,0.854,1,4,91.5,3,6.7,7.9,1,3,0,0.073,0,0,1.3
E015,5,Low,15,14,0.947,0,6,80.4,4,31.7,8.2,0,4,0,0.071,1,1,2.7
E015,6,Low,13,12,0.998,0,4,66.3,2,5.6,8.0,1,5,0,0.052,0,1,1.2
E015,7,Medium,12,9,0.826,2,4,34.8,7,58.8,9.4,2,2,1,0.235,2,2,5.9
E015,8,Medium,12,8,0.74,1,3,48.1,9,72.7,9.3,4,1,1,0.158,2,3,5.1
E015,9,Medium,12,8,0.741,1,2,46.3,11,54.8,11.5,4,2,1,0.139,2,3,4.1
E015,10,Medium,10,8,0.834,1,4,46.3,6,74.8,9.4,4,1,0,0.223,3,4,5.6
E015,11,Medium,12,9,0.817,1,3,47.1,7,67.7,11.2,2,1,0,0.181,2,4,5.9
E015,12,High,13,6,0.504,2,2,20.7,17,103.0,13.0,7,1,1,0.449,4,6,7.1
E015,13,High,14,4,0.351,1,1,20.3,17,138.7,13.5,7,0,2,0.373,6,5,8.7
E015,14,High,14,6,0.431,2,1,28.4,16,146.2,13.5,6,0,2,0.361,6,7,8.8
E015,15,High,12,7,0.625,2,2,29.9,21,168.3,11.8,5,0,2,0.31,6,6,7.8
E015,16,High,12,5,0.474,2,2,14.4,20,101.5,11.9,5,1,1,0.468,5,6,8.9
E016,1,Low,14,12,0.904,0,5,80.0,4,8.4,8.9,0,5,0,0.08,1,1,2.7
E016,2,Low,10,8,0.85,0,6,104.3,2,25.3,7.1,0,3,0,0.069,0,0,2.8
E016,3,Low,9,8,0.942,0,6,89.3,3,11.2,8.4,0,4,0,0.038,1,0,2.3
E016,4,Low,17,14,0.851,0,6,91.4,5,27.3,7.2,1,4,0,0.035,1,1,1.3
E016,5,Low,14,12,0.91,0,6,72.7,3,11.2,8.6,1,4,0,0.036,1,0,2.2
E016,6,Low,17,15,0.884,0,4,73.2,2,24.1,7.7,0,3,0,0.027,0,0,2.0
E016,7,Medium,14,10,0.761,2,3,32.2,13,71.6,10.4,3,2,0,0.221,3,3,5.0
E016,8,Medium,17,13,0.787,2,4,34.8,7,48.0,10.9,4,1,1,0.16,2,4,4.4
E016,9,Medium,10,7,0.786,1,3,51.2,12,75.0,10.4,3,1,1,0.211,2,4,5.7
E016,10,Medium,17,12,0.757,1,3,39.4,9,94.4,11.8,4,1,1,0.157,3,4,4.2
E016,11,Medium,8,5,0.658,1,2,41.6,8,90.7,11.0,4,1,0,0.207,2,2,5.9
E016,12,High,10,5,0.53,1,1,16.0,18,138.0,12.5,5,1,1,0.34,6,8,9.6
E016,13,High,16,7,0.456,2,2,22.7,16,129.6,10.2,5,0,2,0.388,6,6,7.6
E016,14,High,13,7,0.596,1,2,27.6,14,163.7,13.0,5,1,1,0.284,6,8,9.2
E016,15,High,12,6,0.519,1,1,23.6,19,115.9,13.6,7,0,1,0.265,5,6,8.5
E016,16,High,13,6,0.534,2,1,17.6,21,167.1,12.8,6,1,1,0.373,6,6,8.6
E017,1,Low,17,15,0.89,0,4,87.8,5,1.7,7.8,0,5,0,0.066,0,0,2.0
E017,2,Low,14,13,0.979,0,5,61.0,4,15.3,7.7,0,4,0,0.046,1,0,1.7
E017,3,Low,15,13,0.928,0,4,82.3,5,22.7,8.3,0,5,0,0.073,0,0,2.1
E017,4,Low,14,13,0.967,0,4,77.5,2,15.9,7.6,0,3,0,0.034,1,1,2.0
E017,5,Low,17,16,0.951,1,5,119.4,4,31.4,9.0,1,5,0,0.078,1,1,1.7
E017,6,Low,8,7,0.879,0,5,113.8,2,31.3,8.2,0,3,0,0.069,1,1,1.8
E017,7,Medium,13,9,0.716,1,3,38.7,9,72.3,9.2,3,2,1,0.122,2,2,4.9
E017,8,Medium,17,12,0.729,1,3,45.9,12,61.3,11.8,3,1,1,0.141,3,3,4.9
E017,9,Medium,13,8,0.684,1,4,31.3,11,91.8,10.4,2,1,1,0.227,3,4,5.6
E017,10,Medium,13,8,0.671,1,4,44.9,13,82.7,11.9,2,2,0,0.169,3,4,4.4
E017,11,Medium,15,11,0.768,1,3,30.4,9,87.6,11.7,3,1,0,0.159,3,3,5.9
E017,12,High,16,5,0.355,2,2,25.5,17,119.8,12.6,7,0,1,0.49,5,6,9.6
E017,13,High,13,7,0.584,2,2,17.1,21,144.2,13.2,5,1,2,0.33,5,7,9.2
E017,14,High,16,7,0.446,3,1,18.1,17,153.0,10.5,5,1,2,0.498,5,7,8.5
E017,15,High,11,6,0.559,1,1,22.7,17,160.3,13.7,5,0,1,0.319,4,6,10.0
E017,16,High,8,3,0.495,0,2,23.1,15,172.2,13.5,7,1,1,0.305,4,5,7.1
E018,1,Low,14,12,0.872,0,4,73.5,5,23.3,7.9,0,3,0,0.051,1,0,1.6
E018,2,Low,10,9,0.984,0,6,110.8,2,16.8,8.6,1,5,0,0.053,0,0,1.5
E018,3,Low,11,10,0.939,0,5,72.4,2,14.6,7.6,0,3,0,0.048,0,1,2.7
E018,4,Low,16,15,0.954,1,5,109.5,3,35.0,8.1,1,5,0,0.076,0,1,2.1
E018,5,Low,10,8,0.85,0,4,63.7,3,2.2,8.9,0,5,0,0.038,0,1,1.5
E018,6,Low,10,8,0.858,0,5,103.9,5,29.7,8.7,0,4,0,0.038,1,0,2.4
E018,7,Medium,17,11,0.685,2,3,40.1,12,88.4,12.0,3,1,1,0.189,2,4,4.8
E018,8,Medium,12,9,0.785,1,4,38.1,11,75.0,11.9,3,2,0,0.154,3,4,5.4
E018,9,Medium,8,6,0.756,1,2,45.4,6,50.3,11.9,4,2,1,0.205,3,4,4.9
E018,10,Medium,8,5,0.673,0,3,51.9,11,60.7,9.1,2,1,0,0.152,3,2,5.7
E018,11,Medium,11,8,0.788,1,4,43.1,13,69.8,10.1,4,2,1,0.158,3,3,4.0
E018,12,High,12,4,0.342,1,2,24.1,19,167.5,10.4,7,0,1,0.427,4,5,8.6
E018,13,High,11,5,0.472,1,1,19.6,21,114.3,13.2,7,0,2,0.307,6,6,9.4
E018,14,High,11,5,0.513,1,2,27.4,16,140.1,10.3,6,1,1,0.393,6,7,8.9
E018,15,High,12,6,0.529,2,2,13.7,17,123.0,11.2,7,1,1,0.484,4,5,9.6
E018,16,High,11,3,0.323,0,1,17.1,15,134.6,12.7,5,0,2,0.301,6,8,9.9
E019,1,Low,15,14,0.951,0,6,67.0,4,16.7,8.5,1,3,0,0.04,0,1,2.8
E019,2,Low,8,6,0.86,0,4,118.6,3,38.8,7.2,1,3,0,0.064,1,1,1.8
E019,3,Low,13,11,0.91,0,6,96.3,3,19.3,7.5,1,4,0,0.061,1,0,2.2
E019,4,Low,17,14,0.86,0,4,65.5,5,18.3,7.2,1,4,0,0.058,1,0,1.7
E019,5,Low,13,11,0.918,0,5,78.8,5,10.0,7.0,1,3,0,0.027,0,1,2.2
E019,6,Low,11,10,0.991,0,4,72.2,3,25.0,7.7,0,3,0,0.021,1,0,1.5
E019,7,Medium,10,8,0.829,0,3,42.0,10,77.0,11.2,3,2,1,0.115,3,4,4.9
E019,8,Medium,16,13,0.819,1,2,57.4,9,91.7,11.5,4,1,0,0.101,3,2,5.1
E019,9,Medium,9,6,0.696,0,2,32.7,6,89.1,9.2,4,2,0,0.153,3,2,4.2
E019,10,Medium,11,7,0.662,1,2,42.7,11,76.4,11.0,3,2,1,0.15,3,3,4.8
E019,11,Medium,13,10,0.827,1,2,53.6,8,77.0,11.2,4,2,1,0.11,3,2,5.8
E019,12,High,13,7,0.572,2,1,15.4,17,173.2,13.4,6,1,1,0.364,4,6,7.7
E019,13,High,13,5,0.445,2,2,20.7,16,174.9,10.3,6,0,2,0.446,5,5,7.6
E019,14,High,12,5,0.471,1,1,19.4,21,174.2,10.4,7,0,2,0.253,4,5,9.8
E019,15,High,15,5,0.355,1,1,25.7,17,153.1,13.5,5,0,2,0.362,4,5,7.9
E019,16,High,8,3,0.488,1,1,17.1,20,106.1,13.5,5,0,2,0.478,4,8,8.9
E020,1,Low,17,15,0.926,0,6,73.9,2,4.1,7.8,0,3,0,0.05,1,0,2.7
E020,2,Low,14,13,0.983,0,6,87.7,3,17.6,8.2,0,5,0,0.06,0,1,2.4
E020,3,Low,17,15,0.914,0,6,60.1,3,21.3,8.6,1,4,0,0.052,1,0,1.8
E020,4,Low,10,9,0.982,0,5,81.3,5,23.3,7.2,1,5,0,0.035,0,0,1.8
E020,5,Low,17,15,0.9,1,5,117.6,5,39.4,7.8,0,4,0,0.072,0,1,1.8
E020,6,Low,14,12,0.876,0,5,79.7,2,34.8,8.3,1,5,0,0.027,0,0,1.2
E020,7,Medium,16,10,0.677,2,3,45.4,10,63.5,11.7,4,2,0,0.243,2,2,5.2
E020,8,Medium,13,10,0.778,2,4,46.8,10,53.3,11.1,2,2,1,0.205,3,2,4.9
E020,9,Medium,16,12,0.81,1,4,33.8,11,87.5,10.4,4,1,1,0.161,2,4,4.0
E020,10,Medium,9,7,0.803,1,4,38.4,7,44.0,11.6,4,1,1,0.245,3,2,6.0
E020,11,Medium,11,7,0.721,0,2,59.7,9,99.8,10.7,2,1,0,0.111,3,4,5.4
E020,12,High,9,4,0.458,1,2,10.9,20,156.7,10.0,7,1,2,0.461,4,8,8.9
E020,13,High,12,6,0.563,2,1,11.0,17,161.3,12.3,5,1,1,0.338,5,8,7.4
E020,14,High,17,6,0.37,2,2,24.8,20,153.0,11.4,6,0,2,0.477,6,7,8.8
E020,15,High,9,5,0.602,1,1,20.8,19,112.5,11.9,5,0,2,0.347,6,5,7.7
E020,16,High,8,3,0.444,1,2,24.5,16,115.0,10.3,6,1,2,0.361,6,6,9.9
E021,1,Low,11,9,0.891,0,5,92.0,4,37.6,8.3,0,4,0,0.036,1,0,2.4
E021,2,Low,8,7,0.974,0,5,99.7,4,32.9,7.9,0,4,0,0.067,1,0,2.5
E021,3,Low,13,11,0.915,0,4,87.8,3,1.3,8.8,0,5,0,0.053,1,1,2.3
E021,4,Low,13,11,0.914,0,5,113.3,5,29.4,7.9,0,4,0,0.026,1,0,2.6
E021,5,Low,8,6,0.864,0,6,116.0,4,32.3,8.7,0,5,0,0.034,0,1,1.8
E021,6,Low,9,8,0.994,0,6,81.6,4,16.2,7.0,1,3,0,0.034,1,0,2.5
E021,7,Medium,10,7,0.784,1,4,55.1,8,40.3,11.8,2,1,0,0.188,2,2,5.3
E021,8,Medium,10,7,0.734,1,3,34.2,6,53.7,10.8,4,2,1,0.151,2,4,4.4
E021,9,Medium,9,6,0.734,1,3,49.5,6,67.7,11.8,3,1,1,0.168,3,4,5.4
E021,10,Medium,11,7,0.671,0,4,35.0,10,43.3,10.9,2,1,1,0.141,2,2,5.3
E021,11,Medium,15,10,0.729,2,3,43.7,12,67.2,11.8,3,2,1,0.217,2,4,5.4
E021,12,High,15,8,0.573,3,2,28.2,17,139.1,11.6,5,1,1,0.458,5,8,7.2
E021,13,High,15,4,0.332,1,1,11.0,21,105.3,10.9,5,1,2,0.47,5,6,8.8
E021,14,High,12,4,0.367,1,1,26.0,21,164.2,14.0,5,1,1,0.406,6,5,8.4
E021,15,High,17,5,0.321,1,2,17.0,18,178.0,13.3,6,1,1,0.271,6,6,7.2
E021,16,High,15,5,0.378,2,2,11.1,21,108.1,10.7,5,1,1,0.496,4,8,7.3
E022,1,Low,11,9,0.873,0,6,79.6,5,8.8,7.0,1,5,0,0.042,1,0,1.6
E022,2,Low,12,10,0.882,0,5,113.9,3,13.7,8.7,0,5,0,0.026,0,0,2.4
E022,3,Low,17,15,0.922,1,5,90.3,3,12.5,7.0,1,4,0,0.073,0,0,3.0
E022,4,Low,14,13,0.973,0,5,76.9,3,18.3,8.5,1,4,0,0.06,1,0,2.7
E022,5,Low,10,9,0.976,0,4,105.9,5,14.9,7.4,1,3,0,0.064,0,1,2.0
E022,6,Low,8,7,0.949,0,4,111.6,3,4.9,8.4,0,3,0,0.051,1,0,2.8
E022,7,Medium,15,10,0.683,2,4,52.1,9,69.4,10.9,4,2,0,0.211,2,3,4.3
E022,8,Medium,10,6,0.685,1,3,55.6,8,51.0,11.5,3,2,0,0.186,2,3,4.3
E022,9,Medium,11,9,0.828,0,4,40.1,8,90.7,11.4,3,2,0,0.104,2,3,5.0
E022,10,Medium,15,10,0.697,1,3,52.6,10,92.2,11.4,2,1,1,0.14,2,4,4.4
E022,11,Medium,14,10,0.742,1,3,58.5,12,57.5,9.6,3,1,0,0.188,2,2,5.5
E022,12,High,14,6,0.466,2,2,20.3,19,180.0,13.1,5,1,2,0.369,6,5,9.3
E022,13,High,13,6,0.52,1,1,22.3,14,137.5,13.1,5,0,2,0.259,4,5,8.3
E022,14,High,15,9,0.639,4,2,10.5,15,117.2,11.3,5,0,2,0.479,6,6,9.1
E022,15,High,9,3,0.368,1,1,25.0,16,152.1,10.8,6,0,1,0.391,6,8,8.2
E022,16,High,10,4,0.408,1,1,26.5,19,107.0,11.1,7,0,2,0.258,6,6,9.0
E023,1,Low,8,7,0.946,0,6,96.7,4,7.7,7.6,1,5,0,0.056,1,1,1.7
E023,2,Low,15,13,0.892,0,5,87.3,3,28.6,8.4,0,4,0,0.068,1,0,1.3
E023,3,Low,15,13,0.916,0,4,65.3,5,33.4,8.9,1,4,0,0.076,1,0,1.2
E023,4,Low,15,14,0.939,0,6,118.1,2,36.5,7.4,1,4,0,0.024,0,1,2.3
E023,5,Low,9,8,0.937,0,6,77.7,4,30.3,7.1,0,5,0,0.033,0,1,1.8
E023,6,Low,12,11,0.978,0,5,113.7,4,11.8,7.6,1,3,0,0.046,1,1,2.9
E023,7,Medium,12,8,0.732,1,2,54.7,10,84.1,10.6,3,1,0,0.242,3,4,4.9
E023,8,Medium,14,10,0.761,2,3,46.4,6,42.7,9.7,4,2,0,0.24,3,4,5.1
E023,9,Medium,13,10,0.783,1,3,46.8,9,40.6,11.5,2,2,0,0.115,2,4,4.7
E023,10,Medium,15,10,0.691,1,2,56.9,7,84.3,9.1,3,1,1,0.133,2,3,5.6
E023,11,Medium,16,11,0.706,1,2,37.4,9,99.0,9.8,4,2,0,0.136,3,4,4.2
E023,12,High,10,5,0.535,2,1,14.4,18,149.1,11.0,7,1,2,0.474,6,5,7.2
E023,13,High,15,6,0.419,2,2,13.2,14,126.3,10.8,5,1,1,0.34,4,6,8.7
E023,14,High,9,5,0.575,2,2,25.2,18,136.7,11.2,7,1,2,0.42,5,5,8.3
E023,15,High,14,4,0.311,1,1,16.2,19,112.9,12.6,6,1,1,0.482,5,5,7.7
E023,16,High,9,4,0.474,1,1,28.8,17,155.5,12.6,7,1,2,0.458,4,5,8.1
E024,1,Low,11,9,0.866,0,4,91.9,5,26.3,7.1,0,4,0,0.031,0,1,2.7
E024,2,Low,15,13,0.913,1,4,102.6,4,9.3,8.0,0,5,0,0.077,0,1,2.8
E024,3,Low,9,8,0.92,0,6,98.1,2,11.4,7.2,1,4,0,0.023,0,0,1.8
E024,4,Low,15,14,0.974,1,4,99.5,3,21.6,8.7,1,3,0,0.075,1,1,2.7
E024,5,Low,11,10,0.932,0,4,78.5,5,8.6,8.8,0,5,0,0.07,0,0,2.4
E024,6,Low,10,8,0.885,0,6,80.7,3,32.8,7.9,0,4,0,0.067,0,0,3.0
E024,7,Medium,14,11,0.84,2,4,43.8,7,47.2,11.8,4,2,0,0.233,2,4,5.0
E024,8,Medium,10,7,0.729,1,3,35.1,13,66.5,11.4,3,1,1,0.159,2,4,4.0
E024,9,Medium,17,12,0.764,1,3,32.3,8,41.4,11.5,2,1,0,0.14,3,3,5.9
E024,10,Medium,17,14,0.826,1,4,31.2,6,40.6,11.6,4,2,1,0.102,3,4,4.6
E024,11,Medium,15,11,0.762,2,2,47.0,11,72.7,9.8,4,1,0,0.213,2,4,5.0
E024,12,High,12,3,0.332,0,1,26.6,14,117.7,11.3,5,1,1,0.272,5,5,8.9
E024,13,High,17,5,0.328,1,2,16.6,20,104.1,12.0,5,0,1,0.371,6,6,8.7
E024,14,High,10,3,0.371,1,1,25.2,17,143.8,12.9,7,1,2,0.352,5,5,9.5
E024,15,High,16,8,0.537,2,1,14.9,19,120.8,13.5,7,1,1,0.307,6,6,7.7
E024,16,High,17,5,0.348,2,2,26.5,15,103.6,12.6,7,0,2,0.418,4,8,7.2
E025,1,Low,9,8,0.917,0,6,119.3,4,6.8,7.7,0,3,0,0.05,0,0,3.0
E025,2,Low,14,12,0.915,0,5,85.6,5,26.6,8.0,1,4,0,0.021,0,0,1.6
E025,3,Low,17,14,0.865,0,6,61.0,3,10.1,7.9,0,3,0,0.059,0,1,2.6
E025,4,Low,9,8,0.98,0,6,67.6,5,3.7,8.9,0,5,0,0.061,0,1,2.2
E025,5,Low,17,15,0.936,0,5,82.7,5,30.7,7.5,1,4,0,0.034,0,1,2.5
E025,6,Low,15,13,0.888,1,5,67.9,3,4.9,8.4,0,3,0,0.08,1,1,2.2
E025,7,Medium,16,10,0.674,1,3,30.4,13,88.4,11.5,4,2,1,0.164,3,3,4.6
E025,8,Medium,17,14,0.833,1,2,54.2,10,74.6,10.7,2,2,1,0.113,3,3,5.6
E025,9,Medium,9,6,0.727,1,3,51.4,9,83.6,11.4,2,2,1,0.219,2,2,5.4
E025,10,Medium,8,6,0.76,1,4,30.0,8,44.9,11.8,2,2,0,0.189,2,3,5.5
E025,11,Medium,14,10,0.776,1,3,33.8,11,48.1,9.3,2,2,0,0.175,2,2,5.8
E025,12,High,11,6,0.548,1,1,16.0,16,100.0,12.8,5,1,1,0.287,5,7,9.4
E025,13,High,14,6,0.492,1,1,21.1,20,143.9,11.5,5,0,2,0.306,6,5,7.9
E025,14,High,8,2,0.328,0,1,29.7,21,132.4,10.4,7,1,2,0.366,6,6,8.4
E025,15,High,11,4,0.437,1,1,27.2,21,125.2,10.5,7,1,1,0.417,4,8,9.3
E025,16,High,10,4,0.445,1,1,24.6,18,162.4,12.7,5,1,2,0.361,4,5,9.5
E026,1,Low,14,12,0.884,0,5,91.4,4,19.1,8.2,1,3,0,0.025,0,1,1.2
E026,2,Low,8,7,0.885,0,5,77.7,4,1.7,8.0,1,4,0,0.035,1,0,2.2
E026,3,Low,10,9,0.997,0,6,68.1,4,14.6,8.3,0,3,0,0.062,1,1,1.7
E026,4,Low,8,7,0.987,0,5,103.9,5,2.3,8.5,1,4,0,0.04,1,1,1.8
E026,5,Low,10,9,0.951,0,5,84.7,3,22.0,8.6,1,5,0,0.078,1,0,1.1
E026,6,Low,16,13,0.862,0,5,69.7,3,20.0,7.2,1,4,0,0.076,0,0,1.9
E026,7,Medium,8,5,0.729,0,3,48.4,10,66.5,10.9,3,2,0,0.162,2,3,4.3
E026,8,Medium,13,8,0.679,1,3,37.9,13,74.9,10.2,2,1,1,0.159,3,2,5.2
E026,9,Medium,16,10,0.661,1,2,31.3,7,92.3,10.7,2,2,0,0.144,3,4,5.4
E026,10,Medium,13,9,0.725,2,2,34.3,12,92.2,10.1,2,1,0,0.241,3,4,5.0
E026,11,Medium,15,11,0.741,2,3,40.8,7,56.6,11.8,2,1,1,0.248,3,2,4.8
E026,12,High,16,9,0.573,4,1,20.3,20,179.7,10.0,6,0,2,0.452,5,6,7.1
E026,13,High,9,5,0.597,1,2,26.3,14,145.4,11.4,6,1,1,0.345,5,6,8.8
E026,14,High,13,5,0.43,1,1,28.1,17,103.9,13.3,7,1,2,0.338,4,8,8.7
E026,15,High,13,5,0.458,1,1,22.0,20,119.8,13.5,7,1,2,0.305,6,5,8.7
E026,16,High,17,5,0.32,2,1,25.8,18,141.9,10.9,7,1,1,0.406,6,7,7.4
E027,1,Low,11,9,0.88,0,6,95.9,5,15.9,8.0,0,5,0,0.043,0,1,1.3
E027,2,Low,13,11,0.851,0,6,64.3,4,20.8,9.0,0,4,0,0.078,0,0,1.2
E027,3,Low,16,15,0.973,0,5,92.5,2,18.0,7.7,1,4,0,0.047,0,0,2.9
E027,4,Low,9,7,0.869,0,5,105.4,3,9.8,7.7,0,4,0,0.061,0,0,1.3
E027,5,Low,17,16,0.951,0,6,100.2,4,13.2,8.5,0,3,0,0.021,0,1,1.1
E027,6,Low,9,8,0.94,0,6,83.6,2,6.8,7.1,1,5,0,0.032,1,0,1.2
E027,7,Medium,14,10,0.769,1,4,53.5,8,59.5,11.1,3,2,0,0.134,2,2,4.8
E027,8,Medium,12,9,0.766,1,3,35.8,9,83.9,10.3,4,1,0,0.178,3,2,4.4
E027,9,Medium,15,11,0.781,1,3,49.6,13,72.9,10.2,4,2,1,0.109,3,4,4.8
E027,10,Medium,9,6,0.68,0,4,47.2,7,94.4,12.0,2,2,0,0.145,2,4,5.4
E027,11,Medium,11,8,0.759,1,2,49.7,12,73.2,10.7,3,2,0,0.224,2,3,4.9
E027,12,High,8,4,0.538,1,1,23.9,18,133.0,10.8,5,0,1,0.283,4,6,8.3
E027,13,High,14,7,0.536,1,2,15.8,15,133.2,13.6,5,1,2,0.256,5,6,9.8
E027,14,High,9,4,0.495,1,1,11.8,15,157.2,11.4,5,0,2,0.411,4,5,8.5
E027,15,High,15,9,0.603,2,2,22.5,20,134.4,13.0,7,0,1,0.332,4,6,7.5
E027,16,High,11,4,0.384,1,2,18.7,18,147.0,11.7,5,1,1,0.272,5,6,8.6
E028,1,Low,16,14,0.937,0,4,108.7,4,15.5,8.7,0,3,0,0.038,0,1,1.7
E028,2,Low,10,9,0.983,0,6,99.8,4,26.5,8.4,0,4,0,0.064,0,0,1.3
E028,3,Low,17,14,0.857,1,5,63.4,3,10.2,7.4,0,4,0,0.072,1,0,2.3
E028,4,Low,12,11,0.987,0,4,105.6,3,27.2,8.9,0,5,0,0.025,0,1,1.7
E028,5,Low,13,12,0.965,0,4,69.1,5,15.7,7.3,1,3,0,0.064,0,1,1.4
E028,6,Low,15,13,0.905,0,6,85.6,3,12.5,8.3,1,5,0,0.02,1,0,2.8
E028,7,Medium,13,10,0.807,1,4,52.5,12,85.9,9.4,4,2,1,0.157,2,2,4.1
E028,8,Medium,9,6,0.671,1,3,39.5,9,69.1,10.6,2,1,0,0.229,3,2,5.8
E028,9,Medium,10,8,0.83,1,2,39.8,12,70.0,10.9,3,1,0,0.146,3,4,4.4
E028,10,Medium,15,12,0.831,1,2,50.5,12,85.1,11.4,3,1,0,0.12,2,2,5.5
E028,11,Medium,17,13,0.773,2,4,56.2,11,58.4,11.6,2,1,1,0.227,3,4,4.3
E028,12,High,10,4,0.487,1,2,18.0,18,140.9,12.4,7,1,1,0.495,6,8,9.8
E028,13,High,9,5,0.585,1,1,24.1,18,129.0,13.5,7,1,2,0.327,5,7,7.2
E028,14,High,16,8,0.515,2,2,23.9,19,175.4,11.2,5,1,2,0.253,4,5,9.9
E028,15,High,16,5,0.358,2,2,18.8,18,102.7,10.5,5,1,2,0.496,5,6,7.2
E028,16,High,9,4,0.502,1,1,19.4,18,162.8,10.8,6,1,2,0.355,4,8,7.8
E029,1,Low,16,15,0.99,0,6,79.3,3,12.5,8.7,0,5,0,0.023,1,0,1.8
E029,2,Low,8,6,0.866,0,6,114.9,5,11.3,8.6,0,4,0,0.064,0,1,2.4
E029,3,Low,9,8,0.956,0,4,80.9,4,29.8,8.4,1,3,0,0.065,1,1,1.2
E029,4,Low,9,7,0.858,0,5,76.5,2,15.7,8.6,0,3,0,0.047,0,0,2.0
E029,5,Low,8,7,0.98,0,6,61.9,3,18.4,9.0,1,4,0,0.079,1,1,1.5
E029,6,Low,13,12,0.983,0,4,111.5,4,10.7,8.1,0,5,0,0.04,1,0,1.2
E029,7,Medium,13,9,0.714,1,4,30.0,6,97.1,9.4,4,1,0,0.164,2,4,4.4
E029,8,Medium,16,13,0.836,1,3,44.8,6,72.2,11.5,3,2,1,0.145,2,3,4.6
E029,9,Medium,8,6,0.81,0,3,51.5,12,47.4,9.2,4,2,0,0.106,2,2,4.2
E029,10,Medium,14,11,0.832,2,4,52.1,13,50.1,11.6,3,2,1,0.215,3,4,4.0
E029,11,Medium,8,6,0.836,0,2,38.5,12,92.7,11.9,3,2,1,0.124,2,3,4.3
E029,12,High,14,6,0.471,2,2,23.1,14,151.6,10.6,5,1,2,0.448,5,5,7.6
E029,13,High,17,6,0.393,1,1,15.2,16,128.2,10.2,5,0,2,0.279,4,5,8.5
E029,14,High,14,4,0.337,1,1,22.4,21,162.0,11.4,7,0,1,0.408,4,5,8.6
E029,15,High,11,6,0.602,2,2,23.9,16,105.5,11.3,6,1,2,0.482,5,7,9.5
E029,16,High,8,3,0.488,1,2,12.6,15,177.4,12.6,7,1,2,0.4,4,8,8.1
E030,1,Low,17,14,0.879,0,6,108.1,3,15.1,8.0,0,5,0,0.032,1,1,1.1
E030,2,Low,9,8,0.897,0,5,103.5,5,9.6,7.8,0,4,0,0.038,0,1,2.8
E030,3,Low,14,12,0.91,0,5,108.7,5,37.0,7.3,1,4,0,0.032,0,0,2.1
E030,4,Low,11,9,0.892,0,5,92.1,3,29.2,7.6,0,4,0,0.032,1,0,1.2
E030,5,Low,17,16,0.993,1,6,112.9,2,12.6,8.0,1,3,0,0.072,1,1,2.0
E030,6,Low,10,9,0.901,0,4,86.7,2,7.6,8.8,0,3,0,0.038,1,0,1.6
E030,7,Medium,8,5,0.732,0,4,55.0,13,87.6,11.8,4,2,1,0.182,3,2,5.5
E030,8,Medium,17,11,0.66,1,3,31.9,13,67.0,11.2,3,2,1,0.128,2,3,5.1
E030,9,Medium,17,12,0.763,2,2,52.5,10,62.8,9.3,2,2,0,0.192,3,3,4.6
E030,10,Medium,9,6,0.75,0,2,48.5,11,66.8,9.4,3,2,0,0.154,2,4,4.8
E030,11,Medium,11,7,0.679,1,4,58.2,12,83.9,11.3,3,2,0,0.151,2,3,4.1
E030,12,High,14,4,0.341,1,2,26.8,19,147.8,11.6,7,1,2,0.396,6,5,7.3
E030,13,High,15,8,0.588,2,1,15.5,16,113.2,12.8,5,0,1,0.285,5,5,8.6
E030,14,High,9,3,0.41,1,1,24.1,15,153.4,11.7,6,0,2,0.424,5,8,7.3
E030,15,High,11,3,0.318,0,2,12.0,16,124.2,12.1,7,1,2,0.292,5,5,8.9
E030,16,High,15,7,0.498,2,1,28.5,14,157.7,10.7,5,0,1,0.406,6,8,8.5
E031,1,Low,12,10,0.892,0,4,103.7,2,32.2,7.4,0,4,0,0.046,1,1,1.9
E031,2,Low,17,16,0.971,1,5,64.2,5,36.9,8.0,0,4,0,0.064,1,0,1.9
E031,3,Low,15,14,0.988,0,5,63.0,4,29.6,8.0,1,3,0,0.051,0,0,1.5
E031,4,Low,17,15,0.921,0,5,64.5,2,18.3,8.7,1,5,0,0.035,0,1,1.8
E031,5,Low,9,8,0.937,0,6,107.5,2,2.1,8.7,0,5,0,0.023,1,0,2.7
E031,6,Low,12,10,0.865,0,4,62.4,4,34.4,7.7,1,4,0,0.041,1,0,2.8
E031,7,Medium,10,6,0.669,0,2,59.0,7,73.9,10.5,2,2,0,0.143,2,3,4.9
E031,8,Medium,10,6,0.688,1,4,38.5,6,45.7,10.3,2,2,1,0.237,2,3,5.1
E031,9,Medium,12,8,0.715,1,3,45.5,7,70.9,9.3,4,2,1,0.18,2,3,5.4
E031,10,Medium,16,11,0.725,2,3,47.3,13,42.1,11.2,2,2,0,0.232,2,4,5.8
E031,11,Medium,17,11,0.675,1,3,55.3,13,94.5,11.3,4,1,0,0.128,2,3,4.9
E031,12,High,15,9,0.621,2,1,16.5,21,120.2,11.8,7,1,1,0.283,5,5,10.0
E031,13,High,15,7,0.492,2,1,16.4,17,135.7,13.3,5,1,1,0.385,5,8,8.2
E031,14,High,16,5,0.341,2,2,28.7,18,135.6,12.0,6,1,1,0.485,4,5,7.6
E031,15,High,9,5,0.56,1,2,30.0,16,163.8,13.0,5,0,1,0.311,5,8,9.9
E031,16,High,14,4,0.316,1,2,29.5,17,119.1,12.5,5,0,1,0.295,6,6,7.7
E032,1,Low,8,7,0.891,0,5,83.6,2,5.3,7.5,1,4,0,0.075,1,0,1.6
E032,2,Low,13,11,0.875,0,5,67.1,4,2.3,8.2,1,4,0,0.029,0,1,2.3
E032,3,Low,10,8,0.862,0,6,84.6,4,10.3,8.9,1,5,0,0.068,0,0,2.5
E032,4,Low,11,10,0.927,0,6,114.6,5,14.4,8.1,0,5,0,0.047,1,1,1.6
E032,5,Low,17,16,0.964,0,4,65.0,2,39.9,7.9,1,5,0,0.022,1,0,2.7
E032,6,Low,9,8,0.974,0,4,63.7,4,38.9,8.0,0,3,0,0.048,0,0,1.6
E032,7,Medium,14,9,0.683,1,4,44.1,12,40.6,9.2,4,2,1,0.151,3,3,4.7
E032,8,Medium,16,13,0.819,1,3,37.6,8,99.0,9.2,2,2,0,0.142,2,3,4.1
E032,9,Medium,8,5,0.659,1,3,34.0,12,64.9,11.8,4,1,0,0.218,2,2,5.5
E032,10,Medium,14,10,0.758,1,4,46.1,7,55.1,10.5,2,1,0,0.15,2,4,4.1
E032,11,Medium,10,6,0.66,0,3,38.4,9,55.8,10.4,4,2,0,0.142,3,2,6.0
E032,12,High,14,8,0.579,2,1,11.7,16,158.4,11.4,5,0,2,0.329,4,6,7.9
E032,13,High,17,9,0.542,4,2,16.7,18,127.8,13.2,5,1,1,0.487,6,6,7.5
E032,14,High,8,4,0.62,1,1,10.3,20,142.7,12.8,7,0,1,0.499,4,6,8.6
E032,15,High,16,9,0.6,3,2,13.4,19,110.3,10.2,5,0,2,0.386,5,5,8.5
E032,16,High,10,5,0.527,1,2,17.4,21,165.4,10.1,5,0,2,0.358,6,8,8.5
E033,1,Low,13,12,0.936,0,6,80.3,5,9.5,7.4,0,4,0,0.036,0,1,2.3
E033,2,Low,14,12,0.917,0,5,64.8,5,34.5,7.3,0,4,0,0.072,1,0,2.4
E033,3,Low,11,9,0.908,0,5,75.7,2,34.7,7.5,0,5,0,0.077,0,1,1.7
E033,4,Low,8,7,0.976,0,4,113.3,3,21.0,8.4,0,3,0,0.023,1,0,1.8
E033,5,Low,17,16,0.962,0,6,89.5,2,28.4,7.0,1,5,0,0.045,1,0,2.2
E033,6,Low,10,9,0.968,0,6,100.9,4,34.0,7.8,0,5,0,0.02,1,1,3.0
E033,7,Medium,8,5,0.69,1,4,30.9,7,65.0,9.9,4,2,1,0.243,2,2,4.4
E033,8,Medium,15,11,0.768,2,3,33.8,12,82.9,9.8,4,1,1,0.206,2,2,4.7
E033,9,Medium,13,10,0.815,1,4,42.6,9,54.5,9.2,3,1,0,0.14,2,2,5.7
E033,10,Medium,14,10,0.781,2,2,31.8,6,99.6,11.3,3,2,1,0.204,3,3,4.6
E033,11,Medium,15,12,0.814,2,3,59.5,10,81.6,12.0,2,1,0,0.185,2,3,4.3
E033,12,High,15,6,0.447,2,2,15.5,16,120.9,12.1,6,0,1,0.392,5,8,8.6
E033,13,High,13,4,0.309,1,1,19.8,15,174.4,10.5,5,1,2,0.362,6,7,9.8
E033,14,High,13,7,0.541,1,1,22.4,19,164.6,13.1,5,0,2,0.26,4,5,8.9
E033,15,High,9,5,0.574,1,1,10.7,19,106.8,13.5,7,0,2,0.386,5,7,9.1
E033,16,High,11,4,0.375,1,2,12.1,16,139.1,12.1,5,0,2,0.277,6,8,9.6
E034,1,Low,9,8,0.944,0,6,78.9,2,2.0,7.5,1,5,0,0.036,1,0,2.9
E034,2,Low,11,10,0.995,0,5,90.4,4,29.4,7.6,0,4,0,0.04,1,1,1.5
E034,3,Low,8,7,0.948,0,5,101.8,4,8.9,7.8,1,4,0,0.021,1,0,2.4
E034,4,Low,17,15,0.927,0,6,99.0,4,30.7,8.5,1,5,0,0.033,1,1,1.1
E034,5,Low,10,8,0.858,0,5,87.8,3,37.1,8.3,1,4,0,0.076,0,1,2.8
E034,6,Low,8,7,0.922,0,5,109.0,2,26.5,8.4,1,4,0,0.039,1,0,2.3
E034,7,Medium,13,8,0.652,1,4,56.1,12,98.4,11.9,4,1,1,0.201,3,3,4.5
E034,8,Medium,9,7,0.809,1,4,40.6,6,73.0,9.6,2,2,0,0.195,2,3,5.2
E034,9,Medium,13,9,0.715,0,2,32.7,7,85.2,11.2,2,2,0,0.109,2,2,5.7
E034,10,Medium,15,9,0.659,2,3,36.1,10,59.6,10.0,4,1,1,0.245,2,4,4.5
E034,11,Medium,17,13,0.791,2,2,56.8,7,61.1,9.4,3,2,0,0.214,2,2,4.2
E034,12,High,11,3,0.363,1,2,16.6,19,146.3,12.5,6,1,2,0.415,5,8,9.0
E034,13,High,13,7,0.589,2,2,16.0,14,125.1,13.8,5,1,1,0.292,5,7,7.5
E034,14,High,8,4,0.511,1,1,28.3,14,101.2,13.7,7,0,1,0.308,6,5,8.1
E034,15,High,14,7,0.557,3,1,28.2,18,132.4,13.9,6,1,1,0.477,5,7,9.5
E034,16,High,8,4,0.611,1,1,27.6,14,108.3,12.6,5,0,1,0.306,5,5,9.8
E035,1,Low,15,13,0.92,0,6,78.2,3,13.4,8.1,1,4,0,0.051,0,1,1.8
E035,2,Low,11,10,0.947,0,4,65.9,5,3.5,7.5,1,4,0,0.027,1,1,1.5
E035,3,Low,9,8,0.952,0,6,61.1,2,1.6,7.9,1,5,0,0.028,0,1,1.7
E035,4,Low,12,11,0.954,0,5,88.0,2,39.4,8.4,0,5,0,0.068,0,0,2.6
E035,5,Low,17,16,0.973,0,4,85.8,4,3.1,8.1,1,4,0,0.047,0,0,2.9
E035,6,Low,11,10,0.961,0,4,88.4,3,10.7,8.8,0,4,0,0.063,0,1,2.4
E035,7,Medium,17,13,0.769,1,2,32.9,12,54.1,11.0,4,2,1,0.126,3,2,5.2
E035,8,Medium,13,9,0.701,1,3,30.2,6,52.7,9.8,3,1,1,0.136,3,3,5.6
E035,9,Medium,17,14,0.838,3,2,58.9,13,84.1,10.6,3,2,0,0.222,2,2,4.2
E035,10,Medium,9,6,0.726,0,4,48.9,6,82.5,11.7,4,1,0,0.142,2,3,4.1
E035,11,Medium,13,9,0.696,1,2,55.3,7,43.8,10.8,4,1,0,0.213,3,4,4.3
E035,12,High,14,6,0.482,2,1,10.7,14,165.3,11.7,7,1,2,0.473,4,8,8.8
E035,13,High,15,9,0.609,2,2,12.9,21,102.3,12.6,5,0,2,0.303,6,5,8.0
E035,14,High,17,10,0.6,2,1,29.2,17,157.4,12.7,7,0,2,0.286,6,7,7.1
E035,15,High,17,7,0.448,3,1,20.4,15,160.0,13.0,5,0,1,0.433,6,8,9.4
E035,16,High,9,3,0.36,1,2,14.7,17,105.5,12.3,5,1,1,0.467,4,7,8.3
E036,1,Low,13,11,0.881,0,5,114.7,2,39.8,8.0,0,3,0,0.054,0,1,2.6
E036,2,Low,17,14,0.85,0,5,95.2,5,24.7,7.2,1,3,0,0.035,1,1,1.9
E036,3,Low,16,14,0.93,0,6,98.2,4,5.2,7.8,1,3,0,0.057,0,1,2.6
E036,4,Low,8,6,0.875,0,5,111.2,3,28.4,7.8,1,5,0,0.025,1,0,2.3
E036,5,Low,9,8,0.957,0,5,118.0,5,38.5,8.9,0,4,0,0.049,0,0,1.0
E036,6,Low,13,11,0.865,0,4,79.9,2,16.3,7.4,1,5,0,0.061,1,0,1.5
E036,7,Medium,17,11,0.658,1,4,37.0,8,62.0,9.3,4,2,1,0.101,3,4,5.7
E036,8,Medium,12,10,0.836,1,3,53.7,6,41.9,9.4,3,2,1,0.155,2,2,5.6
E036,9,Medium,9,7,0.81,0,4,42.2,13,42.2,9.2,2,1,0,0.113,3,4,5.7
E036,10,Medium,12,8,0.688,1,3,59.0,10,57.3,11.9,4,1,0,0.157,2,2,4.5
E036,11,Medium,12,10,0.837,1,4,45.1,6,40.8,10.7,4,2,0,0.19,3,2,5.9
E036,12,High,10,4,0.456,1,1,26.4,17,154.8,12.0,6,1,1,0.287,4,5,7.5
E036,13,High,11,5,0.508,1,1,11.7,16,141.5,10.3,6,0,1,0.258,5,7,8.9
E036,14,High,15,7,0.471,2,2,24.7,14,110.6,12.2,6,1,2,0.324,5,7,9.9
E036,15,High,16,5,0.327,2,2,12.6,15,101.3,12.5,7,1,2,0.424,4,7,7.8
E036,16,High,8,4,0.559,1,2,12.5,20,133.4,10.2,7,1,1,0.29,5,5,9.3
E037,1,Low,14,12,0.862,0,4,116.2,2,14.5,7.7,0,4,0,0.071,0,1,1.9
E037,2,Low,9,8,0.901,0,4,109.9,3,23.5,8.9,1,3,0,0.075,1,0,2.2
E037,3,Low,10,9,0.9,0,5,74.3,2,4.3,8.6,0,3,0,0.047,0,1,2.4
E037,4,Low,16,14,0.932,0,5,81.4,2,26.9,7.7,1,3,0,0.031,1,1,1.6
E037,5,Low,17,14,0.881,1,4,61.3,4,19.6,7.6,0,3,0,0.077,0,1,2.2
E037,6,Low,11,10,0.973,0,5,112.5,3,32.8,7.9,0,5,0,0.037,1,0,2.0
E037,7,Medium,11,7,0.666,1,2,47.5,8,62.6,11.8,3,2,1,0.237,2,4,6.0
E037,8,Medium,12,9,0.788,1,3,31.6,10,46.6,10.2,4,1,0,0.218,3,3,4.6
E037,9,Medium,15,10,0.688,1,2,46.2,7,58.8,10.9,3,2,1,0.196,3,4,4.9
E037,10,Medium,10,8,0.836,1,2,33.5,7,50.1,10.5,3,2,0,0.249,2,4,5.3
E037,11,Medium,12,7,0.66,1,3,45.2,8,41.9,11.2,4,1,0,0.2,2,3,5.5
E037,12,High,9,3,0.387,1,2,19.0,14,178.9,10.2,6,1,1,0.365,4,8,8.1
E037,13,High,8,4,0.601,1,2,21.2,17,145.7,11.3,7,0,1,0.303,6,6,9.9
E037,14,High,8,2,0.305,0,2,15.9,19,120.5,10.4,6,1,2,0.484,6,6,7.5
E037,15,High,9,5,0.613,2,2,14.2,17,148.9,10.0,5,1,1,0.413,6,8,9.8
E037,16,High,17,6,0.407,1,2,11.0,15,171.1,12.8,7,1,1,0.276,5,6,8.6
E038,1,Low,9,7,0.873,0,5,81.7,5,7.6,7.7,1,5,0,0.058,1,1,3.0
E038,2,Low,15,13,0.903,1,4,94.7,5,0.2,8.0,0,4,0,0.078,0,1,1.7
E038,3,Low,17,16,0.98,1,6,99.9,4,3.8,8.1,1,3,0,0.065,1,0,1.3
E038,4,Low,12,10,0.852,0,5,65.2,4,35.7,7.6,0,4,0,0.044,0,0,2.2
E038,5,Low,13,12,0.951,0,5,72.9,3,18.9,8.0,0,3,0,0.048,1,1,1.1
E038,6,Low,8,6,0.865,0,4,116.5,3,37.1,7.1,0,4,0,0.055,0,1,1.5
E038,7,Medium,17,13,0.81,1,4,54.8,8,70.5,9.2,2,2,1,0.121,2,3,5.1
E038,8,Medium,13,9,0.736,1,4,41.7,12,83.1,12.0,3,1,0,0.153,2,3,5.4
E038,9,Medium,8,6,0.799,0,4,44.6,6,49.8,10.7,2,1,1,0.155,3,4,5.6
E038,10,Medium,15,12,0.819,2,3,50.1,13,59.0,10.0,2,1,0,0.187,2,2,4.1
E038,11,Medium,8,6,0.784,0,2,46.4,6,65.6,10.3,2,1,0,0.161,3,3,4.1
E038,12,High,11,6,0.633,2,2,20.8,20,133.7,10.4,5,1,2,0.365,5,8,7.7
E038,13,High,14,7,0.521,2,1,26.1,17,105.8,11.1,7,1,1,0.317,6,7,8.6
E038,14,High,9,5,0.564,1,2,29.4,21,176.4,13.7,5,0,1,0.266,4,6,8.4
E038,15,High,14,6,0.498,2,1,22.6,21,140.3,13.3,5,0,1,0.484,5,7,8.6
E038,16,High,10,5,0.552,1,1,29.0,15,171.2,12.4,7,0,1,0.312,6,7,8.9
E039,1,Low,15,14,0.999,0,6,76.8,3,17.1,8.3,1,5,0,0.058,0,1,1.9
E039,2,Low,13,11,0.916,0,5,86.4,5,35.3,7.4,1,3,0,0.06,1,1,1.0
E039,3,Low,16,14,0.927,0,4,104.9,4,14.1,8.7,0,5,0,0.032,1,1,1.8
E039,4,Low,15,14,0.96,0,6,90.3,3,35.5,7.3,1,4,0,0.055,0,1,2.5
E039,5,Low,16,15,0.968,0,5,95.4,3,29.4,7.5,0,3,0,0.066,0,1,2.1
E039,6,Low,13,12,0.993,0,4,91.8,3,28.5,7.5,1,5,0,0.032,0,1,3.0
E039,7,Medium,10,7,0.742,1,4,38.6,9,90.5,12.0,2,2,1,0.175,3,4,4.1
E039,8,Medium,8,5,0.694,1,3,59.5,13,81.2,11.8,3,1,1,0.205,2,4,4.1
E039,9,Medium,15,11,0.796,2,4,36.6,8,78.9,11.9,3,1,1,0.213,2,3,5.5
E039,10,Medium,17,12,0.763,2,3,40.8,13,40.6,9.6,3,2,1,0.226,3,2,4.6
E039,11,Medium,8,6,0.784,0,4,36.5,9,66.6,11.7,4,1,0,0.133,2,2,4.4
E039,12,High,8,5,0.634,1,2,10.2,17,152.7,11.1,5,0,1,0.337,4,7,7.6
E039,13,High,9,5,0.587,1,1,11.8,18,118.6,13.4,6,0,1,0.384,5,7,8.9
E039,14,High,15,9,0.626,4,1,11.3,14,158.4,12.9,7,1,2,0.46,5,5,9.7
E039,15,High,12,4,0.411,1,2,11.5,20,169.4,12.0,7,0,2,0.402,5,6,9.4
E039,16,High,11,4,0.414,1,2,19.9,14,155.7,12.7,6,1,2,0.361,4,5,8.6
E040,1,Low,16,14,0.894,0,6,105.7,3,11.4,8.1,1,3,0,0.037,1,0,2.2
E040,2,Low,8,7,0.911,0,5,69.3,5,32.7,7.2,1,3,0,0.04,1,0,2.1
E040,3,Low,17,14,0.862,1,4,64.7,5,33.0,7.1,0,5,0,0.073,0,1,2.5
E040,4,Low,8,7,0.95,0,5,80.4,2,2.0,7.4,0,3,0,0.047,1,0,1.8
E040,5,Low,16,15,0.962,0,6,67.1,5,30.8,8.8,1,3,0,0.053,0,1,1.4
E040,6,Low,13,12,0.928,0,5,75.5,5,21.5,8.9,0,5,0,0.072,1,0,1.5
E040,7,Medium,8,6,0.778,1,3,51.9,13,75.4,10.3,4,2,1,0.179,3,3,5.6
E040,8,Medium,17,13,0.805,1,3,54.2,8,60.7,11.2,4,1,1,0.121,2,2,5.0
E040,9,Medium,11,7,0.663,1,2,57.2,12,55.4,10.2,3,2,0,0.219,2,3,5.8
E040,10,Medium,14,11,0.788,1,3,50.6,7,65.9,9.6,3,2,0,0.127,3,3,5.0
E040,11,Medium,11,7,0.711,1,3,51.9,6,74.3,10.3,3,1,1,0.219,2,4,5.9
E040,12,High,9,3,0.352,1,2,15.6,21,164.6,11.0,7,0,1,0.402,4,8,9.6
E040,13,High,10,4,0.479,1,2,27.5,16,169.2,11.2,5,0,2,0.35,5,8,9.0
E040,14,High,8,2,0.325,0,1,26.1,17,154.2,13.2,6,1,2,0.415,4,6,8.1
E040,15,High,11,5,0.494,1,1,10.1,16,124.2,11.8,5,0,1,0.317,6,8,7.7
E040,16,High,8,3,0.469,1,2,24.2,17,110.4,10.1,6,0,2,0.359,6,8,7.9
E041,1,Low,11,10,0.983,0,6,109.7,2,1.4,8.2,1,4,0,0.021,0,0,2.7
E041,2,Low,8,6,0.851,0,6,116.0,5,6.2,8.3,0,3,0,0.031,0,0,1.9
E041,3,Low,12,11,0.965,0,4,94.2,2,34.1,8.5,1,3,0,0.046,0,0,3.0
E041,4,Low,8,7,0.893,0,5,91.1,4,3.5,7.0,0,5,0,0.07,0,1,3.0
E041,5,Low,11,10,0.94,0,5,63.9,3,31.7,8.8,1,3,0,0.073,1,1,1.2
E041,6,Low,14,13,0.945,1,5,96.2,4,11.5,8.5,0,5,0,0.079,1,0,1.7
E041,7,Medium,13,9,0.755,2,4,39.5,10,64.0,11.3,3,2,1,0.228,3,4,5.7
E041,8,Medium,17,11,0.674,1,2,39.5,13,55.6,9.8,4,2,0,0.115,2,3,4.1
E041,9,Medium,11,7,0.719,0,2,43.0,12,89.1,11.9,2,1,0,0.127,3,3,4.1
E041,10,Medium,13,10,0.803,1,3,33.9,9,72.1,11.8,4,1,1,0.172,3,3,6.0
E041,11,Medium,17,11,0.691,2,3,31.8,13,52.8,11.0,2,2,1,0.228,2,2,4.6
E041,12,High,10,6,0.607,2,2,17.8,19,149.5,10.6,5,1,1,0.43,5,6,8.5
E041,13,High,16,9,0.585,4,1,19.0,18,132.1,13.4,7,1,1,0.477,4,7,7.1
E041,14,High,9,5,0.609,1,2,17.4,21,172.7,13.8,6,1,1,0.3,6,5,7.9
E041,15,High,15,7,0.497,2,2,15.3,14,106.6,12.5,6,1,2,0.321,5,6,7.6
E041,16,High,10,5,0.539,2,1,25.3,14,106.0,12.1,6,1,1,0.483,5,8,8.1
E042,1,Low,9,8,0.926,0,4,90.6,2,37.2,7.8,1,3,0,0.074,1,1,1.0
E042,2,Low,16,14,0.913,0,6,100.8,5,1.5,8.3,0,5,0,0.041,1,0,2.6
E042,3,Low,15,13,0.922,0,4,64.2,5,8.0,7.4,0,4,0,0.03,1,1,2.8
E042,4,Low,17,14,0.865,0,5,116.1,5,6.9,8.7,1,5,0,0.022,0,1,2.3
E042,5,Low,13,11,0.898,0,4,90.7,3,5.2,8.9,0,3,0,0.039,0,1,2.0
E042,6,Low,9,8,0.896,0,4,112.0,2,0.2,7.1,0,3,0,0.073,1,0,2.4
E042,7,Medium,10,6,0.696,1,4,43.4,8,68.1,11.7,3,2,0,0.202,2,3,5.9
E042,8,Medium,11,7,0.711,1,3,58.6,12,92.2,10.3,4,2,1,0.154,3,4,4.9
E042,9,Medium,13,8,0.664,1,3,49.3,6,72.8,10.3,4,2,0,0.153,3,2,5.3
E042,10,Medium,8,6,0.752,0,2,55.0,7,68.4,11.6,2,1,1,0.124,3,2,5.9
E042,11,Medium,8,5,0.696,1,3,34.8,9,74.8,11.0,4,2,0,0.223,2,4,5.3
E042,12,High,14,5,0.425,1,1,17.0,18,127.7,13.3,7,1,2,0.302,6,5,9.4
E042,13,High,10,5,0.506,2,1,20.1,18,102.9,13.6,7,0,2,0.437,5,8,9.5
E042,14,High,16,9,0.57,2,2,18.0,20,103.2,13.9,5,1,2,0.252,4,6,7.8
E042,15,High,9,4,0.454,1,1,26.7,15,179.7,10.6,7,1,1,0.446,4,7,8.9
E042,16,High,16,9,0.617,4,1,23.8,21,101.6,10.8,5,0,2,0.457,4,7,8.4
E043,1,Low,15,13,0.924,0,5,113.3,3,9.9,8.8,1,3,0,0.077,1,0,2.4
E043,2,Low,12,11,0.918,0,6,62.1,3,9.7,8.8,0,3,0,0.021,0,1,2.9
E043,3,Low,9,8,0.926,0,4,63.5,4,25.5,8.1,0,5,0,0.04,1,1,1.9
E043,4,Low,17,16,0.947,1,4,99.2,4,11.3,7.1,0,3,0,0.075,1,0,1.3
E043,5,Low,14,13,0.939,1,5,110.3,4,9.5,8.8,1,3,0,0.08,0,1,1.4
E043,6,Low,15,12,0.854,0,5,91.7,2,16.6,8.4,0,5,0,0.044,0,0,2.0
E043,7,Medium,8,5,0.709,0,4,32.0,7,82.1,9.3,2,1,1,0.18,3,4,4.8
E043,8,Medium,16,10,0.663,1,2,44.4,7,96.7,9.8,3,2,1,0.179,2,3,5.5
E043,9,Medium,15,10,0.688,1,4,50.1,10,86.5,11.0,2,2,0,0.14,3,2,5.4
E043,10,Medium,13,10,0.819,2,3,43.3,6,58.4,11.0,4,1,1,0.223,2,3,5.0
E043,11,Medium,17,12,0.71,2,2,52.1,11,64.7,10.9,4,1,0,0.192,2,4,4.9
E043,12,High,11,4,0.382,1,1,26.4,16,130.3,13.0,7,1,2,0.49,5,8,8.4
E043,13,High,13,6,0.47,2,1,29.6,18,162.4,13.1,6,0,1,0.368,5,5,7.4
E043,14,High,13,6,0.506,1,1,12.3,15,140.4,10.7,7,0,1,0.316,4,7,8.4
E043,15,High,11,6,0.622,2,2,22.7,20,141.5,10.5,5,0,2,0.373,6,7,9.3
E043,16,High,14,7,0.57,1,2,28.1,20,121.4,12.0,6,0,2,0.276,4,5,7.3
E044,1,Low,9,8,0.987,0,4,118.4,2,5.3,7.6,1,3,0,0.072,1,0,2.9
E044,2,Low,9,8,0.934,0,4,86.5,5,11.4,8.8,1,3,0,0.057,0,1,2.3
E044,3,Low,16,15,0.973,1,6,96.0,5,11.4,7.1,0,5,0,0.072,1,0,2.6
E044,4,Low,13,12,0.987,0,5,115.8,4,12.8,8.1,1,5,0,0.079,0,0,2.6
E044,5,Low,17,16,0.973,0,5,60.0,5,29.8,7.2,0,4,0,0.047,1,0,2.8
E044,6,Low,13,12,0.995,0,5,68.8,3,17.2,8.8,1,3,0,0.026,0,0,2.2
E044,7,Medium,15,9,0.66,1,2,34.2,6,71.6,11.5,2,1,1,0.143,2,2,4.7
E044,8,Medium,8,5,0.665,0,2,31.9,6,49.6,11.9,2,1,1,0.152,3,3,5.6
E044,9,Medium,8,5,0.732,1,2,56.6,9,44.3,9.8,4,1,1,0.218,3,2,5.9
E044,10,Medium,16,11,0.708,1,4,30.2,13,99.4,9.1,3,2,0,0.148,2,3,4.5
E044,11,Medium,10,7,0.727,1,4,32.0,8,84.6,11.0,4,1,1,0.186,3,2,4.4
E044,12,High,8,3,0.476,0,2,29.9,21,104.0,11.1,7,0,1,0.286,5,6,8.0
E044,13,High,12,5,0.474,2,2,12.5,19,137.7,12.8,7,0,1,0.411,6,8,7.5
E044,14,High,15,5,0.357,1,2,23.6,14,175.7,10.8,6,0,2,0.317,6,5,7.6
E044,15,High,8,3,0.427,0,1,27.1,16,115.1,13.6,6,1,2,0.325,5,6,7.9
E044,16,High,9,2,0.327,0,1,17.3,18,147.1,10.4,5,1,2,0.444,4,7,8.7
E045,1,Low,12,10,0.899,0,4,113.7,4,11.5,7.8,1,5,0,0.021,1,1,2.1
E045,2,Low,12,10,0.859,0,6,67.7,3,27.4,7.5,1,3,0,0.061,0,1,1.8
E045,3,Low,10,9,0.938,0,6,100.2,3,13.3,7.1,0,4,0,0.046,0,1,2.0
E045,4,Low,10,9,0.923,0,5,111.8,4,7.3,7.2,1,5,0,0.061,1,1,1.8
E045,5,Low,8,7,0.933,0,6,66.0,4,2.2,8.8,0,4,0,0.033,1,0,1.9
E045,6,Low,13,12,0.985,0,4,111.6,2,11.2,7.3,1,4,0,0.025,1,1,2.3
E045,7,Medium,16,12,0.797,1,4,46.7,12,50.1,11.5,4,1,1,0.166,2,3,5.2
E045,8,Medium,8,5,0.668,0,4,48.2,6,97.6,10.0,3,1,1,0.155,2,4,4.7
E045,9,Medium,8,5,0.723,0,2,55.0,8,76.9,10.0,2,1,1,0.146,2,2,5.2
E045,10,Medium,8,5,0.744,1,3,34.2,6,92.3,10.3,3,2,1,0.209,2,4,5.4
E045,11,Medium,12,9,0.817,1,2,58.7,10,88.4,9.3,3,1,0,0.126,3,3,4.4
E045,12,High,8,2,0.325,0,1,27.3,18,153.5,12.2,6,0,1,0.319,5,6,7.7
E045,13,High,11,4,0.441,1,2,27.7,14,174.4,13.3,5,0,1,0.49,5,7,8.5
E045,14,High,8,3,0.487,1,1,25.7,16,126.0,12.9,6,0,2,0.432,5,5,8.8
E045,15,High,15,5,0.393,1,1,22.8,20,121.8,11.5,5,0,2,0.375,4,7,7.6
E045,16,High,11,4,0.438,1,1,15.8,14,104.9,12.4,6,0,2,0.49,4,8,7.7
E046,1,Low,11,10,0.974,0,6,66.3,3,16.4,8.3,1,3,0,0.058,0,0,1.4
E046,2,Low,16,14,0.929,0,5,109.3,3,26.6,7.2,0,5,0,0.05,1,0,2.8
E046,3,Low,11,10,0.973,0,5,65.6,5,21.7,7.3,1,4,0,0.033,1,0,2.0
E046,4,Low,8,7,0.96,0,6,83.7,2,27.0,8.4,1,3,0,0.043,1,1,2.6
E046,5,Low,16,13,0.861,1,5,116.6,2,29.0,8.8,1,3,0,0.079,0,1,1.0
E046,6,Low,13,12,0.96,0,6,100.1,3,31.5,7.6,0,4,0,0.07,0,1,2.5
E046,7,Medium,16,12,0.803,2,3,39.4,12,93.3,11.5,3,1,1,0.167,3,2,5.9
E046,8,Medium,11,7,0.686,0,2,32.8,8,81.4,10.5,3,2,1,0.122,3,3,4.2
E046,9,Medium,16,10,0.658,1,3,56.6,10,80.0,9.1,3,2,0,0.119,2,3,5.8
E046,10,Medium,13,9,0.733,1,2,34.9,13,78.4,9.4,2,1,1,0.189,3,3,4.3
E046,11,Medium,8,6,0.758,1,4,54.2,9,83.0,11.0,2,1,0,0.227,2,4,5.6
E046,12,High,9,3,0.408,1,2,15.5,21,158.1,13.3,5,0,1,0.442,4,7,9.6
E046,13,High,14,6,0.476,1,2,28.7,14,177.2,10.3,7,1,1,0.293,6,7,8.4
E046,14,High,10,3,0.393,1,1,16.2,19,157.5,12.3,5,0,1,0.471,6,7,7.4
E046,15,High,13,7,0.587,2,2,16.9,17,156.9,10.4,6,0,1,0.339,6,8,8.0
E046,16,High,17,9,0.559,2,1,10.3,14,102.7,11.5,6,1,2,0.268,4,7,7.7
E047,1,Low,14,12,0.871,0,4,119.1,3,16.3,7.4,1,4,0,0.054,1,1,1.1
E047,2,Low,12,10,0.914,0,6,87.8,5,21.1,7.3,1,3,0,0.069,1,0,2.3
E047,3,Low,9,8,0.927,0,6,99.9,3,6.5,8.3,1,4,0,0.068,0,1,1.8
E047,4,Low,13,11,0.876,0,4,78.2,2,5.1,7.9,1,3,0,0.073,1,0,2.1
E047,5,Low,9,8,0.994,0,5,113.5,5,0.6,7.2,0,5,0,0.076,0,0,3.0
E047,6,Low,14,12,0.892,0,6,110.4,2,28.8,8.0,0,4,0,0.035,1,0,1.7
E047,7,Medium,14,11,0.792,2,2,54.1,8,66.2,11.8,3,2,1,0.232,3,4,5.9
E047,8,Medium,13,9,0.715,1,3,45.0,10,74.9,10.6,2,2,1,0.198,3,2,4.0
E047,9,Medium,9,7,0.813,1,2,37.0,11,56.2,11.4,2,1,1,0.147,3,2,4.2
E047,10,Medium,9,6,0.699,0,4,37.2,12,43.4,9.3,2,1,1,0.154,2,3,5.9
E047,11,Medium,11,7,0.722,1,4,51.5,11,67.1,11.6,4,1,0,0.166,3,2,4.8
E047,12,High,10,4,0.441,1,2,10.7,18,112.7,11.8,5,1,2,0.46,5,6,8.2
E047,13,High,17,7,0.449,1,1,12.6,21,165.7,12.5,7,1,2,0.258,4,8,7.4
E047,14,High,17,9,0.537,2,1,26.7,16,139.7,11.7,7,0,2,0.284,6,7,7.2
E047,15,High,14,4,0.303,1,2,18.0,17,177.9,10.8,6,1,1,0.324,5,8,9.3
E047,16,High,8,4,0.62,1,1,22.2,20,143.5,12.6,6,1,1,0.261,5,6,8.4
E048,1,Low,14,12,0.927,0,6,66.3,3,29.3,7.8,1,5,0,0.049,1,1,2.7
E048,2,Low,10,8,0.861,0,4,89.4,5,35.9,9.0,1,5,0,0.045,0,1,1.6
E048,3,Low,13,11,0.89,0,4,88.7,2,39.7,7.3,0,5,0,0.044,0,1,2.8
E048,4,Low,14,13,0.96,0,6,63.0,2,24.4,8.5,1,5,0,0.048,0,1,1.2
E048,5,Low,11,10,0.957,0,5,64.8,4,12.6,8.3,1,5,0,0.058,1,0,1.2
E048,6,Low,14,13,0.965,0,4,118.6,4,10.5,7.2,0,3,0,0.055,1,0,2.0
E048,7,Medium,11,8,0.757,1,3,57.0,6,48.7,11.7,2,2,1,0.209,2,4,4.6
E048,8,Medium,11,7,0.683,1,3,48.1,13,87.1,11.5,3,1,1,0.25,2,3,5.5
E048,9,Medium,10,7,0.71,1,4,44.1,10,47.7,9.1,3,2,0,0.163,3,2,6.0
E048,10,Medium,10,6,0.699,1,4,57.2,8,94.9,10.1,2,1,0,0.21,2,3,4.4
E048,11,Medium,16,12,0.781,2,3,39.7,10,67.2,11.4,2,1,0,0.203,2,4,4.6
E048,12,High,16,10,0.627,4,1,14.2,17,123.4,12.8,5,1,2,0.422,4,5,9.8
E048,13,High,13,5,0.438,1,2,25.1,18,107.4,12.7,6,0,2,0.362,4,8,7.7
E048,14,High,10,4,0.437,1,2,19.5,20,121.8,12.9,6,1,1,0.46,5,5,8.4
E048,15,High,10,4,0.438,1,1,10.2,18,142.0,13.2,6,0,2,0.448,4,7,9.6
E048,16,High,10,3,0.392,1,1,26.2,16,177.8,13.9,6,1,2,0.426,4,6,9.4
E049,1,Low,11,10,0.921,0,6,86.3,4,7.0,8.9,1,5,0,0.068,0,0,1.7
E049,2,Low,14,13,0.946,0,5,93.1,4,4.9,7.9,0,5,0,0.076,1,0,1.0
E049,3,Low,9,8,0.9,0,4,72.6,4,17.4,7.8,1,4,0,0.061,0,0,1.5
E049,4,Low,10,9,0.96,0,5,82.2,2,38.1,7.7,1,3,0,0.064,0,1,1.9
E049,5,Low,10,9,0.993,0,6,111.0,5,35.4,8.7,1,4,0,0.054,1,0,1.6
E049,6,Low,17,14,0.862,0,4,104.9,4,23.4,8.6,1,4,0,0.043,0,1,2.8
E049,7,Medium,16,11,0.688,2,3,35.9,7,86.2,10.5,3,1,1,0.2,3,4,5.5
E049,8,Medium,17,11,0.696,1,3,45.9,7,99.4,11.0,4,1,1,0.142,3,3,4.3
E049,9,Medium,13,10,0.809,1,4,45.6,9,76.5,11.9,2,2,1,0.12,2,2,5.9
E049,10,Medium,16,11,0.727,1,3,42.5,10,78.7,10.1,2,1,1,0.117,2,4,4.6
E049,11,Medium,12,8,0.696,1,3,54.7,13,93.7,9.3,4,2,0,0.207,3,3,4.8
E049,12,High,11,5,0.463,2,1,18.4,14,175.0,10.4,6,0,1,0.421,6,5,7.6
E049,13,High,14,7,0.521,3,2,19.7,20,152.7,13.6,5,1,1,0.433,4,8,7.3
E049,14,High,8,3,0.4,1,1,11.4,18,127.2,14.0,7,0,1,0.334,5,7,9.6
E049,15,High,10,5,0.536,1,2,14.1,14,128.1,13.0,5,0,2,0.394,6,8,7.6
E049,16,High,15,9,0.617,2,1,17.5,18,161.7,11.7,5,0,1,0.326,5,8,7.5
E050,1,Low,13,12,0.989,0,4,93.5,2,14.7,7.2,0,4,0,0.079,0,1,2.9
E050,2,Low,15,13,0.874,0,4,113.9,2,6.7,8.2,0,5,0,0.066,0,1,1.0
E050,3,Low,8,7,0.918,0,4,79.5,5,3.9,8.1,0,4,0,0.068,1,1,1.3
E050,4,Low,9,8,0.899,0,5,84.7,3,27.4,7.7,0,3,0,0.022,0,1,2.6
E050,5,Low,10,8,0.881,0,4,119.8,5,10.1,9.0,0,3,0,0.025,0,0,2.5
E050,6,Low,16,13,0.852,0,6,96.3,2,24.5,8.4,1,4,0,0.026,0,0,2.2
E050,7,Medium,9,6,0.773,1,3,45.3,12,48.5,10.8,3,1,1,0.246,3,4,4.7
E050,8,Medium,17,13,0.801,2,2,43.2,7,80.3,11.7,2,2,1,0.204,3,2,5.0
E050,9,Medium,13,9,0.767,1,3,30.9,6,41.2,10.4,3,2,1,0.132,3,2,4.4
E050,10,Medium,16,13,0.839,3,4,53.8,12,68.6,9.8,2,2,1,0.242,3,4,4.8
E050,11,Medium,12,9,0.792,0,4,44.8,12,51.1,10.0,2,2,0,0.11,2,2,4.3
E050,12,High,16,9,0.594,3,1,12.2,19,149.6,13.2,5,1,2,0.35,6,5,8.4
E050,13,High,11,5,0.496,2,2,21.1,16,102.1,10.0,5,0,2,0.453,6,6,8.9
E050,14,High,11,6,0.59,2,2,25.3,21,125.4,11.1,5,0,2,0.382,4,8,9.5
E050,15,High,16,4,0.304,1,1,20.3,15,152.1,13.9,5,1,1,0.278,4,5,8.3
E050,16,High,14,7,0.553,2,1,19.4,15,113.7,10.9,7,0,2,0.335,4,5,8.8
E051,1,Low,10,9,0.978,0,5,93.7,3,39.0,7.7,0,5,0,0.077,0,1,2.9
E051,2,Low,17,16,0.957,0,4,63.9,5,23.6,7.9,1,5,0,0.042,1,1,2.7
E051,3,Low,10,9,0.903,0,4,72.6,4,17.0,7.1,1,4,0,0.051,1,0,3.0
E051,4,Low,17,15,0.918,0,5,62.9,5,12.7,7.3,0,5,0,0.043,1,1,2.3
E051,5,Low,16,13,0.852,0,6,107.0,5,4.7,9.0,1,3,0,0.022,1,0,1.1
E051,6,Low,16,15,0.979,0,5,71.5,5,0.9,8.3,0,5,0,0.036,0,0,2.3
E051,7,Medium,16,11,0.699,1,3,37.8,11,91.5,9.4,3,1,0,0.117,2,4,4.9
E051,8,Medium,12,9,0.823,2,4,49.3,8,90.6,9.6,2,1,0,0.235,2,3,5.6
E051,9,Medium,17,11,0.698,1,4,39.3,12,57.7,9.0,2,2,1,0.108,3,2,5.8
E051,10,Medium,12,8,0.749,1,3,49.6,12,63.5,10.5,2,2,0,0.147,2,2,4.2
E051,11,Medium,12,7,0.653,0,3,35.4,9,88.0,11.7,2,1,1,0.128,3,3,6.0
E051,12,High,13,4,0.347,1,1,16.3,17,144.3,12.4,6,1,1,0.423,5,5,7.3
E051,13,High,11,6,0.629,1,1,13.7,15,136.2,13.4,7,0,2,0.313,4,5,9.8
E051,14,High,12,5,0.421,1,1,19.0,19,163.5,12.6,7,1,2,0.256,4,7,9.3
E051,15,High,9,4,0.516,1,1,11.9,16,144.6,13.1,5,1,1,0.294,5,8,9.9
E051,16,High,8,4,0.599,1,2,26.3,19,164.3,12.6,7,1,2,0.454,6,6,9.5
E052,1,Low,12,10,0.912,0,5,119.6,5,2.7,8.2,0,5,0,0.07,0,1,2.8
E052,2,Low,11,10,0.953,0,6,77.6,2,36.8,8.8,0,5,0,0.036,1,0,1.8
E052,3,Low,10,8,0.88,0,5,111.7,2,10.7,7.7,1,3,0,0.038,1,1,1.3
E052,4,Low,13,12,0.983,0,6,87.8,4,5.5,8.6,0,3,0,0.052,0,0,1.3
E052,5,Low,17,15,0.91,0,6,99.3,2,21.7,8.1,0,3,0,0.051,0,0,1.8
E052,6,Low,12,11,0.979,0,5,112.8,2,16.3,8.4,0,3,0,0.029,0,0,1.7
E052,7,Medium,16,13,0.839,2,3,57.1,11,97.0,11.9,4,1,0,0.197,2,2,5.7
E052,8,Medium,8,6,0.837,1,3,30.6,7,88.0,10.0,3,1,1,0.203,2,3,4.4
E052,9,Medium,11,8,0.753,1,2,38.7,8,73.3,11.8,4,1,0,0.191,2,2,4.8
E052,10,Medium,9,6,0.7,0,2,44.9,13,66.4,9.3,3,2,0,0.13,2,3,4.5
E052,11,Medium,10,7,0.721,1,2,44.4,9,52.2,9.5,2,2,0,0.246,2,4,5.8
E052,12,High,10,4,0.488,1,2,10.3,18,114.2,11.0,6,0,2,0.305,6,8,8.6
E052,13,High,8,2,0.32,0,2,20.0,16,156.8,12.1,5,0,2,0.5,6,7,9.6
E052,14,High,17,7,0.415,1,2,18.3,19,107.0,10.9,6,0,2,0.256,4,8,7.0
E052,15,High,12,3,0.302,1,2,29.3,17,173.1,11.7,5,1,1,0.457,5,5,8.9
E052,16,High,8,4,0.608,1,2,20.1,19,117.2,12.6,6,1,2,0.357,5,7,9.5
E053,1,Low,8,6,0.855,0,4,114.0,5,12.5,8.5,0,3,0,0.077,1,1,2.2
E053,2,Low,15,13,0.882,1,5,77.0,2,6.1,8.6,1,3,0,0.079,1,1,1.2
E053,3,Low,12,10,0.914,0,6,96.0,4,11.3,7.5,0,5,0,0.022,0,1,2.5
E053,4,Low,16,13,0.869,0,6,102.5,5,7.9,7.5,1,5,0,0.042,0,1,1.8
E053,5,Low,12,10,0.913,0,6,61.2,2,32.2,7.5,1,4,0,0.055,0,0,1.1
E053,6,Low,15,13,0.91,0,4,114.5,4,10.5,8.1,1,5,0,0.062,1,1,1.2
E053,7,Medium,12,9,0.797,1,4,34.3,9,59.2,9.5,2,1,0,0.171,2,3,5.5
E053,8,Medium,15,10,0.672,1,3,56.9,6,70.6,10.9,3,2,0,0.173,3,2,5.5
E053,9,Medium,14,10,0.714,1,4,59.8,11,85.2,9.8,3,1,0,0.106,3,2,5.2
E053,10,Medium,15,12,0.811,1,3,48.6,6,82.6,10.8,4,2,1,0.151,2,3,4.6
E053,11,Medium,9,5,0.664,0,3,34.1,13,79.0,10.0,3,2,0,0.188,2,4,4.0
E053,12,High,11,6,0.621,1,1,16.2,18,146.7,13.7,5,0,2,0.325,5,5,9.6
E053,13,High,15,8,0.549,2,1,20.2,19,135.1,10.2,5,0,2,0.374,4,5,9.8
E053,14,High,15,5,0.373,2,1,22.2,19,149.8,12.0,6,1,2,0.446,5,7,9.1
E053,15,High,17,8,0.492,3,1,23.8,15,173.4,10.5,7,1,1,0.479,5,7,7.5
E053,16,High,16,9,0.611,4,1,14.3,14,174.7,13.8,5,1,1,0.453,5,8,9.2
E054,1,Low,12,10,0.897,0,5,109.9,4,34.0,7.6,1,3,0,0.05,1,1,2.9
E054,2,Low,13,12,0.992,0,4,69.5,3,31.2,8.5,0,5,0,0.072,0,1,1.2
E054,3,Low,8,7,0.998,0,5,71.7,5,34.9,7.4,1,4,0,0.049,0,0,2.7
E054,4,Low,11,10,0.96,0,4,62.3,2,26.1,8.0,0,3,0,0.02,1,1,2.7
E054,5,Low,11,10,0.959,0,5,100.1,5,5.9,8.6,1,3,0,0.061,0,1,2.5
E054,6,Low,14,12,0.909,0,6,78.9,4,12.1,8.7,1,3,0,0.076,1,1,2.2
E054,7,Medium,16,10,0.651,1,4,53.2,10,59.4,10.9,2,2,1,0.151,3,4,5.0
E054,8,Medium,13,10,0.774,1,2,46.7,10,88.2,10.6,3,2,0,0.182,3,2,5.2
E054,9,Medium,10,6,0.665,1,2,46.6,9,78.7,11.1,2,1,0,0.197,3,3,5.1
E054,10,Medium,8,6,0.829,1,3,45.4,8,55.1,9.6,2,2,0,0.194,2,2,4.3
E054,11,Medium,16,11,0.721,2,3,31.4,7,71.5,11.2,2,1,1,0.184,3,2,4.8
E054,12,High,10,4,0.469,1,1,25.2,21,129.4,10.3,5,0,1,0.273,5,7,8.9
E054,13,High,14,7,0.524,2,1,25.9,17,138.8,11.2,6,0,1,0.377,5,6,10.0
E054,14,High,8,3,0.418,1,2,14.9,16,166.7,11.8,5,1,2,0.394,5,5,8.9
E054,15,High,14,4,0.349,1,2,18.6,15,120.5,11.8,7,1,2,0.379,5,6,9.8
E054,16,High,15,5,0.338,1,2,16.3,20,123.4,11.4,6,0,2,0.324,6,7,9.8
E055,1,Low,13,12,0.966,0,6,109.5,3,20.2,7.1,0,5,0,0.073,0,0,1.8
E055,2,Low,8,7,0.949,0,6,103.1,5,30.5,8.4,0,3,0,0.04,1,0,1.7
E055,3,Low,17,15,0.916,0,4,68.3,2,34.2,8.6,0,3,0,0.043,1,1,1.2
E055,4,Low,10,9,0.955,0,6,67.2,5,11.6,7.2,0,4,0,0.043,1,1,2.6
E055,5,Low,14,12,0.869,0,6,68.1,3,37.2,8.6,1,3,0,0.05,1,0,2.4
E055,6,Low,8,7,0.886,0,4,97.4,5,24.1,9.0,1,5,0,0.072,1,0,1.9
E055,7,Medium,17,13,0.817,1,2,56.8,8,64.9,10.8,4,2,0,0.137,2,4,5.4
E055,8,Medium,12,9,0.798,1,2,53.9,12,59.4,10.4,3,2,1,0.18,3,2,4.1
E055,9,Medium,11,8,0.789,1,4,42.6,11,64.4,10.2,3,1,0,0.128,3,3,5.6
E055,10,Medium,8,5,0.682,0,4,49.7,12,76.3,11.0,2,2,0,0.116,3,4,4.7
E055,11,Medium,12,9,0.832,1,2,38.3,8,50.3,9.8,2,2,0,0.166,3,3,4.2
E055,12,High,9,4,0.504,1,1,14.6,16,174.8,10.0,7,0,1,0.352,5,6,9.0
E055,13,High,13,5,0.456,1,2,24.6,18,124.9,13.9,7,1,2,0.389,5,8,8.4
E055,14,High,9,2,0.332,0,2,20.8,21,154.3,12.3,7,0,1,0.282,5,7,8.2
E055,15,High,10,5,0.538,1,2,25.8,17,119.3,12.2,5,0,2,0.351,6,8,8.0
E055,16,High,13,7,0.61,3,2,25.8,17,107.4,12.4,5,0,2,0.456,6,7,8.5
E056,1,Low,12,11,0.917,0,6,104.2,3,3.9,8.5,0,5,0,0.064,0,1,1.0
E056,2,Low,16,14,0.912,0,5,101.7,4,20.5,7.3,1,4,0,0.047,0,1,1.5
E056,3,Low,14,13,0.975,0,6,74.9,5,8.7,8.6,1,4,0,0.03,0,1,1.3
E056,4,Low,9,8,0.966,0,6,101.2,4,7.1,8.5,0,5,0,0.054,0,1,1.6
E056,5,Low,13,11,0.896,0,4,105.5,5,15.2,8.4,0,3,0,0.021,1,1,1.8
E056,6,Low,9,8,0.974,0,5,65.3,3,33.6,8.3,1,4,0,0.058,1,0,2.9
E056,7,Medium,12,9,0.759,1,4,50.1,10,92.5,11.4,2,2,0,0.174,2,4,5.0
E056,8,Medium,12,8,0.684,1,3,44.8,11,49.9,10.1,2,2,1,0.206,2,3,5.1
E056,9,Medium,8,5,0.744,0,4,41.1,8,61.4,9.7,4,2,1,0.192,3,4,4.4
E056,10,Medium,12,10,0.836,1,4,36.2,11,94.3,10.0,4,2,0,0.166,2,2,4.7
E056,11,Medium,8,6,0.762,0,3,43.8,9,81.6,11.7,2,2,0,0.109,2,4,5.5
E056,12,High,13,5,0.41,1,2,27.1,21,144.9,10.9,7,0,2,0.27,5,5,9.5
E056,13,High,14,8,0.59,3,1,13.8,20,166.4,11.7,7,1,1,0.452,4,8,8.8
E056,14,High,10,3,0.365,1,1,11.6,17,106.0,11.0,7,0,2,0.481,4,8,7.1
E056,15,High,14,5,0.402,1,1,24.3,20,142.8,13.5,7,0,2,0.335,4,5,8.7
E056,16,High,8,2,0.332,0,2,17.6,14,161.1,12.2,7,1,1,0.422,6,7,8.7
E057,1,Low,8,7,0.897,0,4,84.4,3,11.9,7.1,0,4,0,0.025,1,0,1.1
E057,2,Low,8,6,0.867,0,4,113.8,2,23.9,7.5,1,4,0,0.051,0,1,2.1
E057,3,Low,16,15,0.998,0,4,106.6,4,24.9,8.1,1,4,0,0.036,1,0,1.7
E057,4,Low,14,12,0.894,0,4,75.8,3,29.0,7.5,1,4,0,0.063,1,1,1.2
E057,5,Low,15,14,0.996,0,4,62.7,2,22.5,7.3,1,3,0,0.047,1,1,1.3
E057,6,Low,17,16,0.979,0,5,82.8,2,12.2,9.0,1,4,0,0.06,1,0,1.9
E057,7,Medium,13,10,0.805,2,2,51.5,10,94.6,10.5,4,2,1,0.209,3,3,4.3
E057,8,Medium,10,7,0.763,1,2,59.4,8,44.7,10.1,3,1,0,0.144,3,2,5.6
E057,9,Medium,12,8,0.67,1,4,30.2,12,66.0,10.5,4,2,1,0.207,2,3,5.7
E057,10,Medium,13,9,0.761,1,3,42.8,12,67.9,10.8,4,2,1,0.184,3,2,4.8
E057,11,Medium,11,7,0.684,0,3,48.3,11,75.3,9.2,4,1,1,0.111,2,2,5.2
E057,12,High,9,4,0.46,1,2,15.5,19,131.6,11.3,7,0,2,0.418,4,6,8.4
E057,13,High,16,10,0.636,2,1,24.6,15,174.7,11.5,7,0,2,0.255,6,5,9.0
E057,14,High,17,5,0.311,1,1,11.4,17,127.7,11.4,6,1,2,0.277,6,7,7.1
E057,15,High,12,6,0.581,2,1,12.3,16,127.0,11.2,6,1,1,0.457,5,8,8.5
E057,16,High,15,8,0.567,2,2,26.7,21,146.6,11.0,6,1,1,0.335,4,6,9.7
E058,1,Low,17,15,0.923,0,6,84.1,4,6.2,7.4,1,4,0,0.04,1,0,2.5
E058,2,Low,11,9,0.873,0,5,76.5,3,13.5,7.0,0,4,0,0.045,1,1,2.0
E058,3,Low,17,15,0.903,0,4,90.6,5,9.0,8.5,1,3,0,0.029,1,1,1.1
E058,4,Low,10,8,0.886,0,4,114.6,5,30.9,7.3,1,5,0,0.059,0,0,2.6
E058,5,Low,13,11,0.887,0,6,104.2,2,18.7,7.8,0,5,0,0.078,1,0,2.4
E058,6,Low,13,11,0.875,0,6,85.4,3,2.9,7.8,0,3,0,0.043,0,0,2.2
E058,7,Medium,17,11,0.694,1,2,58.7,13,81.7,9.3,4,1,0,0.141,2,4,5.8
E058,8,Medium,14,10,0.733,2,3,53.8,13,70.1,10.0,4,2,1,0.201,3,4,5.1
E058,9,Medium,17,12,0.71,2,2,38.6,13,97.3,10.4,4,1,1,0.184,3,2,4.4
E058,10,Medium,13,10,0.827,1,3,46.8,7,92.2,10.1,3,1,1,0.108,3,4,5.2
E058,11,Medium,11,8,0.799,0,4,45.5,8,63.3,9.5,2,2,1,0.121,3,3,5.2
E058,12,High,17,7,0.412,2,1,24.4,17,125.0,13.3,5,0,2,0.366,5,7,8.1
E058,13,High,8,3,0.393,0,1,18.8,18,125.5,13.1,6,0,1,0.308,6,7,8.2
E058,14,High,16,5,0.368,2,2,24.3,16,172.9,12.0,6,1,1,0.466,4,6,7.6
E058,15,High,17,8,0.52,2,2,14.5,18,138.3,10.1,7,1,1,0.292,6,8,9.3
E058,16,High,12,6,0.543,1,1,15.2,18,177.3,13.3,5,1,2,0.283,6,7,9.5
E059,1,Low,16,15,0.962,0,5,103.6,4,0.7,7.6,1,5,0,0.021,1,1,2.7
E059,2,Low,17,16,0.975,1,6,101.3,3,26.8,8.3,0,5,0,0.07,1,1,1.7
E059,3,Low,14,13,0.965,0,5,76.2,3,3.2,7.1,0,3,0,0.076,0,0,2.5
E059,4,Low,16,15,0.992,0,5,81.3,5,25.4,8.5,1,5,0,0.031,1,0,1.7
E059,5,Low,11,9,0.878,0,6,92.0,3,21.5,9.0,0,5,0,0.026,0,1,1.1
E059,6,Low,16,15,0.991,0,5,106.1,5,25.9,7.1,0,3,0,0.025,1,0,2.2
E059,7,Medium,11,8,0.748,1,3,56.1,9,78.7,10.2,2,2,0,0.13,3,3,5.4
E059,8,Medium,12,8,0.732,1,4,52.2,7,75.6,9.0,2,2,1,0.224,3,4,4.6
E059,9,Medium,11,8,0.782,1,2,43.8,9,56.5,10.9,2,2,0,0.202,3,4,5.0
E059,10,Medium,8,6,0.818,0,3,46.1,13,61.9,9.0,4,1,1,0.124,3,3,4.2
E059,11,Medium,16,12,0.8,2,2,51.9,13,99.8,11.4,3,2,1,0.207,3,2,5.6
E059,12,High,9,3,0.425,1,1,10.1,17,151.7,13.9,5,1,1,0.46,6,6,9.6
E059,13,High,12,5,0.491,2,1,13.1,18,167.9,12.1,5,1,2,0.495,6,5,8.9
E059,14,High,17,6,0.367,1,1,15.8,16,122.9,12.1,7,1,2,0.293,4,7,7.2
E059,15,High,14,7,0.565,1,2,21.1,14,165.8,12.3,6,0,2,0.264,4,6,7.8
E059,16,High,16,5,0.363,1,1,14.3,17,106.7,13.2,6,1,2,0.275,5,5,9.0
E060,1,Low,11,9,0.856,0,4,82.4,4,16.5,8.9,1,4,0,0.078,0,1,2.3
E060,2,Low,9,8,0.906,0,6,114.5,3,30.2,7.9,1,4,0,0.036,1,0,1.7
E060,3,Low,11,9,0.896,0,4,112.2,5,20.9,8.3,0,5,0,0.055,1,0,2.4
E060,4,Low,8,7,0.973,0,4,118.9,3,0.1,7.6,0,4,0,0.048,0,1,2.7
E060,5,Low,17,14,0.88,0,4,77.4,4,17.1,7.3,1,4,0,0.046,0,1,2.3
E060,6,Low,15,13,0.888,0,6,104.5,2,32.1,8.6,0,3,0,0.067,0,1,2.7
E060,7,Medium,12,8,0.743,1,2,51.5,12,50.7,9.9,3,1,1,0.246,3,4,4.1
E060,8,Medium,10,8,0.81,1,3,44.6,10,63.6,10.8,4,2,1,0.19,3,3,5.8
E060,9,Medium,8,6,0.766,0,4,39.7,11,80.5,10.0,4,1,0,0.149,3,4,5.6
E060,10,Medium,16,13,0.813,2,2,58.4,10,55.0,11.1,3,1,1,0.191,2,4,5.7
E060,11,Medium,13,10,0.828,1,4,52.9,13,85.8,11.1,2,2,1,0.15,2,4,4.0
E060,12,High,16,7,0.49,1,1,12.0,19,148.3,13.0,7,1,2,0.252,5,7,7.5
E060,13,High,12,4,0.395,1,2,23.1,19,121.6,12.0,7,1,2,0.474,4,6,8.0
E060,14,High,10,3,0.399,1,2,27.3,19,173.8,10.6,7,1,2,0.406,6,7,7.3
E060,15,High,13,4,0.309,1,1,29.7,21,170.8,12.8,7,0,2,0.381,5,6,8.3
E060,16,High,9,4,0.479,1,1,20.7,15,103.0,12.3,7,0,1,0.413,5,8,9.3
E061,1,Low,14,13,0.985,0,6,116.2,2,7.7,7.2,1,4,0,0.028,0,1,2.3
E061,2,Low,9,7,0.859,0,4,114.5,5,22.3,8.3,0,5,0,0.022,1,1,2.4
E061,3,Low,8,6,0.859,0,5,73.6,5,12.5,7.7,1,3,0,0.079,1,0,1.8
E061,4,Low,16,14,0.895,0,4,91.9,4,24.7,9.0,0,4,0,0.062,1,0,1.5
E061,5,Low,13,12,0.951,0,5,70.1,2,22.2,7.6,0,5,0,0.058,1,0,2.3
E061,6,Low,15,14,0.987,0,4,105.3,4,39.6,8.4,1,5,0,0.024,0,1,2.0
E061,7,Medium,17,12,0.764,2,4,36.0,13,77.4,10.4,2,2,1,0.197,3,4,5.1
E061,8,Medium,12,8,0.705,1,4,56.0,10,77.5,11.3,3,1,1,0.229,3,2,5.8
E061,9,Medium,15,10,0.703,2,2,37.7,11,53.9,11.7,2,1,1,0.222,3,4,4.8
E061,10,Medium,9,6,0.674,1,4,40.3,13,92.4,10.4,4,1,0,0.171,3,4,5.7
E061,11,Medium,10,7,0.781,1,4,48.8,13,66.8,10.2,3,2,0,0.156,3,4,5.0
E061,12,High,12,3,0.333,1,2,13.4,14,115.0,10.1,5,1,2,0.472,4,7,9.2
E061,13,High,14,7,0.559,2,1,14.9,15,141.7,10.7,7,1,2,0.29,4,8,9.4
E061,14,High,12,6,0.548,2,1,22.6,20,168.1,12.7,7,1,2,0.477,6,5,8.9
E061,15,High,9,3,0.357,0,1,11.8,20,122.6,11.0,5,0,2,0.255,4,6,9.1
E061,16,High,8,2,0.366,0,2,17.6,18,126.4,13.4,7,0,2,0.492,6,5,8.0
E062,1,Low,16,13,0.853,0,6,92.8,2,20.2,7.7,0,4,0,0.051,0,1,2.5
E062,2,Low,14,11,0.853,0,5,79.3,5,1.6,7.8,1,3,0,0.021,1,1,2.0
E062,3,Low,17,14,0.863,1,4,100.8,2,28.5,8.9,1,5,0,0.077,0,0,1.1
E062,4,Low,17,16,0.967,0,5,65.3,4,1.6,8.2,0,4,0,0.056,1,1,2.2
E062,5,Low,13,11,0.906,0,4,104.9,2,4.4,7.2,0,4,0,0.026,1,1,1.3
E062,6,Low,10,9,0.982,0,6,100.6,3,32.8,8.6,0,4,0,0.035,0,1,2.6
E062,7,Medium,12,8,0.72,1,3,37.8,11,40.2,9.1,4,1,0,0.146,3,3,4.6
E062,8,Medium,8,5,0.687,0,2,51.3,8,65.6,10.7,2,1,0,0.129,3,2,4.5
E062,9,Medium,16,12,0.799,2,4,31.8,6,54.0,10.5,2,2,1,0.192,2,3,5.4
E062,10,Medium,15,10,0.698,1,3,53.4,12,91.5,9.4,3,1,1,0.168,3,2,4.9
E062,11,Medium,13,9,0.693,1,3,44.8,13,74.7,11.1,4,2,1,0.171,2,4,5.2
E062,12,High,11,4,0.428,1,2,13.1,20,170.4,13.6,7,0,2,0.346,5,6,8.3
E062,13,High,11,5,0.505,1,2,12.5,20,172.4,12.0,7,1,1,0.398,6,6,7.2
E062,14,High,14,8,0.577,2,2,11.0,16,156.6,11.0,5,0,1,0.255,5,5,9.9
E062,15,High,15,9,0.601,3,1,26.2,18,143.6,10.2,6,0,1,0.35,4,6,7.8
E062,16,High,8,3,0.436,0,1,29.5,20,165.4,12.3,7,1,2,0.288,6,7,9.4
E063,1,Low,12,10,0.893,0,4,101.9,3,6.3,8.3,1,5,0,0.036,0,1,2.5
E063,2,Low,9,8,0.967,0,5,80.8,4,33.5,7.2,0,5,0,0.025,0,1,1.9
E063,3,Low,14,13,0.949,0,6,90.0,4,5.8,8.6,1,4,0,0.057,1,1,1.3
E063,4,Low,13,11,0.909,0,5,88.6,2,0.0,8.2,0,3,0,0.073,1,1,1.6
E063,5,Low,15,13,0.906,0,4,70.1,4,20.2,8.1,0,5,0,0.051,0,0,2.9
E063,6,Low,8,7,0.904,0,6,63.1,3,22.9,8.7,1,3,0,0.028,0,1,1.9
E063,7,Medium,17,12,0.712,1,4,44.6,9,84.1,11.2,4,1,0,0.137,3,2,5.7
E063,8,Medium,15,12,0.809,1,3,46.0,7,54.8,9.0,2,1,1,0.146,3,3,5.2
E063,9,Medium,15,11,0.764,1,3,31.1,8,44.0,10.6,4,2,0,0.165,2,3,5.0
E063,10,Medium,17,11,0.698,2,2,46.7,12,81.9,11.3,2,1,0,0.193,3,3,5.5
E063,11,Medium,12,9,0.829,1,4,50.4,11,45.4,9.4,3,2,0,0.187,3,4,5.8
E063,12,High,12,3,0.315,0,2,25.2,20,131.9,11.2,6,1,1,0.333,6,6,8.7
E063,13,High,14,8,0.579,3,2,22.2,17,113.7,11.2,6,0,1,0.488,6,5,7.9
E063,14,High,15,6,0.448,2,2,19.4,20,146.7,13.0,7,0,2,0.465,6,8,8.0
E063,15,High,17,10,0.626,3,2,28.8,19,103.7,12.8,5,0,1,0.348,5,8,7.8
E063,16,High,15,8,0.587,2,2,13.8,17,172.5,13.6,6,1,2,0.322,6,5,8.1
E064,1,Low,10,9,0.921,0,4,100.7,2,12.9,7.2,1,5,0,0.068,0,1,2.6
E064,2,Low,16,15,0.939,0,5,75.2,3,0.7,7.7,1,4,0,0.023,1,0,1.4
E064,3,Low,10,9,0.949,0,4,79.5,5,8.3,8.3,1,4,0,0.065,1,0,2.1
E064,4,Low,15,13,0.871,0,4,95.6,5,20.5,8.9,1,4,0,0.03,1,1,1.6
E064,5,Low,12,11,0.936,0,6,83.8,2,33.5,8.1,1,4,0,0.055,0,1,1.8
E064,6,Low,17,16,0.952,0,4,86.6,4,28.7,8.5,0,3,0,0.045,0,1,1.5
E064,7,Medium,12,8,0.691,1,3,50.6,9,90.9,12.0,2,1,1,0.154,3,4,5.8
E064,8,Medium,14,10,0.764,2,4,46.2,7,83.8,11.5,3,2,0,0.232,3,2,4.8
E064,9,Medium,11,7,0.651,0,3,51.1,12,67.7,9.8,2,1,1,0.133,3,4,4.9
E064,10,Medium,9,6,0.758,0,4,47.9,6,97.3,9.7,3,1,0,0.116,3,3,4.5
E064,11,Medium,16,11,0.709,1,3,31.2,7,97.3,9.6,4,1,0,0.111,3,4,5.5
E064,12,High,15,5,0.345,2,2,18.9,14,121.1,10.3,6,0,1,0.407,5,7,9.0
E064,13,High,17,8,0.524,3,1,15.7,19,110.9,13.6,6,1,2,0.488,6,7,7.7
E064,14,High,9,3,0.379,0,1,29.9,15,155.5,11.6,7,1,1,0.294,6,5,7.1
E064,15,High,8,4,0.557,1,1,26.0,14,116.8,13.1,7,1,1,0.373,4,6,8.8
E064,16,High,17,6,0.378,2,2,11.6,21,146.4,13.5,7,1,1,0.379,5,6,8.8
E065,1,Low,15,14,0.959,0,4,105.1,3,7.3,8.5,0,3,0,0.063,1,0,1.8
E065,2,Low,12,11,0.961,0,4,107.7,4,25.8,7.2,1,4,0,0.033,1,0,2.0
E065,3,Low,10,9,0.915,0,6,72.8,3,26.7,8.6,1,3,0,0.047,1,0,1.6
E065,4,Low,12,10,0.898,0,6,103.3,3,25.3,7.5,0,3,0,0.072,0,0,1.9
E065,5,Low,17,16,0.956,0,4,70.4,2,26.9,7.5,1,4,0,0.062,1,1,1.8
E065,6,Low,10,9,0.939,0,6,65.3,5,6.6,7.6,0,4,0,0.067,0,1,1.7
E065,7,Medium,17,13,0.808,1,3,58.5,13,93.4,11.1,3,2,1,0.108,3,3,5.6
E065,8,Medium,16,11,0.746,1,2,57.7,6,46.4,11.9,4,1,0,0.155,2,3,5.0
E065,9,Medium,14,10,0.759,1,3,41.9,12,68.5,11.6,2,2,1,0.178,2,3,4.2
E065,10,Medium,8,6,0.779,1,3,58.1,11,82.7,10.5,3,1,0,0.219,3,2,5.1
E065,11,Medium,9,7,0.795,1,4,46.7,11,97.0,10.0,2,2,0,0.165,2,2,4.4
E065,12,High,10,5,0.556,2,2,26.9,15,105.3,12.5,5,0,2,0.436,4,5,7.7
E065,13,High,17,5,0.334,1,2,11.6,15,106.5,11.5,7,1,1,0.264,4,6,9.2
E065,14,High,10,5,0.591,1,2,23.8,16,128.9,12.4,5,0,1,0.374,5,7,9.9
E065,15,High,14,6,0.475,2,1,20.8,17,152.5,12.4,5,0,2,0.412,4,5,7.5
E065,16,High,9,2,0.302,0,2,26.1,14,171.2,13.4,6,1,1,0.27,5,7,9.2
E066,1,Low,15,12,0.852,0,4,84.9,3,33.4,7.8,1,5,0,0.072,0,1,1.7
E066,2,Low,9,8,0.938,0,4,71.5,2,23.7,8.7,1,3,0,0.057,1,0,1.6
E066,3,Low,11,10,0.987,0,5,100.8,3,14.1,8.8,0,5,0,0.041,1,1,2.1
E066,4,Low,11,9,0.862,0,6,116.7,2,16.1,8.4,1,4,0,0.071,1,0,2.0
E066,5,Low,10,9,0.985,0,6,113.5,5,6.9,8.8,1,5,0,0.063,1,0,1.8
E066,6,Low,17,14,0.874,0,5,86.9,3,35.4,7.6,1,4,0,0.035,1,0,2.1
E066,7,Medium,15,10,0.707,2,4,31.3,6,55.2,11.4,4,1,1,0.227,3,2,5.7
E066,8,Medium,14,11,0.826,1,4,45.5,12,73.8,10.6,2,2,0,0.147,2,4,5.9
E066,9,Medium,17,13,0.817,2,4,59.8,8,70.8,11.0,3,1,0,0.17,2,4,5.0
E066,10,Medium,13,8,0.656,1,4,51.1,12,80.0,9.2,4,1,0,0.185,2,4,4.9
E066,11,Medium,17,13,0.784,1,4,35.7,8,64.9,11.2,3,1,1,0.14,3,4,5.9
E066,12,High,8,4,0.537,1,1,12.4,14,129.5,12.9,5,0,2,0.352,4,6,9.2
E066,13,High,13,7,0.594,1,2,29.8,15,135.9,11.7,5,1,2,0.277,6,5,7.8
E066,14,High,11,3,0.317,0,1,11.8,14,106.5,11.2,6,0,1,0.317,6,6,7.1
E066,15,High,11,3,0.305,1,1,15.5,19,117.4,10.2,7,0,1,0.345,4,5,9.2
E066,16,High,10,4,0.46,1,1,21.2,17,161.5,12.8,7,0,2,0.26,5,7,8.4
E067,1,Low,10,9,0.994,0,5,109.6,3,2.4,9.0,1,4,0,0.041,0,1,1.6
E067,2,Low,16,15,0.945,0,5,113.9,5,25.7,7.4,1,5,0,0.046,0,1,2.8
E067,3,Low,8,7,0.929,0,4,86.4,5,38.3,7.7,0,5,0,0.021,1,0,2.7
E067,4,Low,17,16,0.985,1,5,111.1,3,34.6,8.5,1,4,0,0.076,0,1,1.9
E067,5,Low,10,9,0.985,0,5,107.2,3,37.7,7.4,1,4,0,0.021,1,0,1.9
E067,6,Low,9,8,0.979,0,6,108.7,5,24.4,7.7,1,5,0,0.07,0,0,2.9
E067,7,Medium,17,13,0.776,2,2,32.2,12,59.5,11.5,3,2,1,0.18,2,2,4.4
E067,8,Medium,10,8,0.81,1,4,58.3,7,73.7,10.8,2,1,0,0.247,2,2,4.1
E067,9,Medium,11,7,0.688,1,2,47.1,7,80.3,12.0,4,2,1,0.238,2,2,5.5
E067,10,Medium,8,6,0.768,1,2,35.7,12,90.1,10.0,3,2,0,0.177,3,2,5.6
E067,11,Medium,12,9,0.794,2,3,30.2,11,86.6,9.7,4,2,1,0.25,3,3,5.3
E067,12,High,13,7,0.584,1,1,15.0,14,104.2,11.7,6,0,1,0.266,5,6,9.3
E067,13,High,10,5,0.537,2,1,18.5,18,167.4,10.0,7,0,2,0.449,4,5,7.3
E067,14,High,13,4,0.311,1,1,20.6,16,143.5,12.7,6,0,2,0.469,6,8,7.6
E067,15,High,12,5,0.461,1,1,17.0,19,168.2,12.2,7,0,1,0.395,6,7,9.7
E067,16,High,12,3,0.308,1,2,26.6,21,122.0,11.1,5,0,2,0.335,5,7,8.8
E068,1,Low,10,9,0.99,0,5,92.0,2,3.6,8.1,1,5,0,0.028,0,0,1.6
E068,2,Low,11,10,0.965,0,5,75.7,4,27.8,8.8,0,4,0,0.023,1,1,1.1
E068,3,Low,16,15,0.956,0,5,114.3,3,22.2,8.5,0,3,0,0.021,0,0,1.3
E068,4,Low,12,10,0.912,0,5,86.0,5,1.6,8.4,0,4,0,0.023,1,0,1.3
E068,5,Low,8,7,0.97,0,6,77.8,5,38.1,8.9,1,5,0,0.056,0,0,1.7
E068,6,Low,13,12,0.966,0,4,94.7,2,27.4,7.0,1,4,0,0.058,0,0,2.5
E068,7,Medium,17,13,0.808,1,3,50.7,9,83.8,9.5,3,2,1,0.124,3,4,5.5
E068,8,Medium,17,13,0.812,2,3,51.6,8,61.8,11.9,4,2,1,0.226,2,3,5.4
E068,9,Medium,9,5,0.651,1,4,47.9,13,41.1,9.4,4,1,0,0.213,3,3,5.5
E068,10,Medium,17,11,0.653,1,4,41.2,12,96.2,9.3,3,2,0,0.152,3,3,5.2
E068,11,Medium,17,13,0.802,2,3,34.1,9,67.0,11.2,2,2,1,0.23,3,3,4.6
E068,12,High,13,6,0.506,2,1,24.5,14,138.5,10.2,6,0,1,0.352,6,5,7.5
E068,13,High,12,6,0.516,2,1,25.3,16,121.5,11.8,5,0,2,0.356,4,6,7.2
E068,14,High,15,7,0.514,1,1,21.6,20,167.6,11.2,6,1,2,0.268,4,5,8.2
E068,15,High,15,7,0.532,3,1,17.5,15,123.3,11.1,5,1,1,0.485,5,6,7.2
E068,16,High,9,3,0.334,1,2,23.7,18,138.0,10.8,5,0,1,0.366,4,5,8.5
E069,1,Low,14,12,0.9,0,5,107.1,4,4.7,7.6,0,5,0,0.058,1,1,2.4
E069,2,Low,11,10,0.912,0,6,83.6,3,7.0,8.2,0,3,0,0.044,1,1,1.2
E069,3,Low,14,12,0.885,0,5,93.7,2,9.5,7.2,0,3,0,0.037,0,0,2.4
E069,4,Low,8,7,0.947,0,5,111.5,3,33.2,7.3,0,5,0,0.052,1,1,1.8
E069,5,Low,11,10,0.959,0,5,94.5,2,24.1,7.8,1,3,0,0.055,0,1,1.8
E069,6,Low,10,8,0.887,0,5,105.7,2,28.9,8.4,0,4,0,0.068,0,1,1.7
E069,7,Medium,8,5,0.726,0,3,43.8,10,58.5,11.7,4,2,0,0.182,3,3,5.8
E069,8,Medium,11,8,0.743,1,4,40.1,8,40.2,11.8,4,1,0,0.211,3,4,4.8
E069,9,Medium,15,12,0.802,2,2,55.6,9,82.5,10.5,4,2,1,0.186,3,3,4.2
E069,10,Medium,15,11,0.76,1,2,36.0,7,45.0,11.7,3,1,1,0.134,3,3,5.1
E069,11,Medium,17,13,0.785,2,3,43.6,12,88.6,10.4,2,2,1,0.192,2,4,4.2
E069,12,High,12,7,0.624,2,2,24.2,14,165.0,12.7,7,0,1,0.306,6,5,8.5
E069,13,High,17,7,0.441,2,1,12.5,20,134.6,13.2,5,1,1,0.398,6,7,9.7
E069,14,High,17,8,0.477,3,1,11.7,20,102.9,13.6,6,0,1,0.479,5,6,8.5
E069,15,High,15,5,0.385,2,1,17.1,18,151.2,12.7,6,0,1,0.446,4,5,9.7
E069,16,High,9,4,0.463,1,1,27.5,17,121.3,10.6,6,0,2,0.414,6,8,8.0
E070,1,Low,16,15,0.955,1,6,98.2,4,6.7,7.1,0,5,0,0.074,1,1,1.4
E070,2,Low,15,13,0.904,0,5,107.1,5,12.3,7.8,1,5,0,0.038,0,0,1.1
E070,3,Low,13,11,0.857,0,6,94.4,3,30.4,8.0,1,4,0,0.037,1,0,1.3
E070,4,Low,15,13,0.898,1,4,111.4,2,24.9,8.0,0,3,0,0.079,1,1,1.9
E070,5,Low,11,9,0.854,0,6,81.1,5,27.1,7.6,0,4,0,0.043,0,0,2.9
E070,6,Low,17,15,0.914,1,4,117.0,3,18.2,8.6,1,5,0,0.08,0,1,2.6
E070,7,Medium,14,9,0.708,2,2,50.6,10,41.7,11.7,4,1,0,0.236,3,3,4.4
E070,8,Medium,17,11,0.672,1,4,46.0,6,44.8,11.7,4,1,1,0.141,2,4,4.9
E070,9,Medium,10,7,0.794,1,2,39.9,9,84.0,9.5,2,2,1,0.239,2,4,4.7
E070,10,Medium,11,9,0.826,1,4,59.1,10,47.9,10.5,3,2,0,0.199,3,3,4.8
E070,11,Medium,9,7,0.839,1,4,37.7,7,91.4,9.4,3,2,1,0.158,2,2,5.3
E070,12,High,17,9,0.536,2,1,25.4,17,109.7,13.5,7,1,2,0.255,4,7,7.6
E070,13,High,15,5,0.39,2,1,24.2,17,132.6,12.8,6,0,1,0.427,5,8,8.9
E070,14,High,14,8,0.616,2,1,16.4,16,147.3,11.2,5,1,1,0.291,6,6,7.2
E070,15,High,9,3,0.339,1,2,10.7,21,158.9,10.9,7,0,1,0.467,5,7,7.3
E070,16,High,8,3,0.473,1,1,11.5,16,145.2,11.0,7,0,2,0.416,5,8,9.7
E071,1,Low,14,12,0.927,0,6,117.9,3,8.8,9.0,1,4,0,0.028,1,0,2.7
E071,2,Low,16,14,0.894,0,4,118.5,5,29.1,8.3,1,3,0,0.064,1,1,1.5
E071,3,Low,8,7,0.973,0,4,100.2,4,7.3,7.9,1,5,0,0.024,1,1,3.0
E071,4,Low,11,9,0.877,0,5,76.7,3,39.7,9.0,0,3,0,0.064,0,1,1.1
E071,5,Low,11,10,0.995,0,6,116.5,4,17.4,8.1,0,4,0,0.033,0,0,2.5
E071,6,Low,14,12,0.864,0,5,95.2,5,31.6,8.6,0,5,0,0.04,0,1,1.3
E071,7,Medium,16,11,0.688,2,3,54.0,7,99.9,11.5,3,2,0,0.188,2,3,4.2
E071,8,Medium,15,10,0.669,2,3,47.8,11,65.6,10.6,4,2,0,0.235,2,3,4.6
E071,9,Medium,16,11,0.705,2,4,56.4,7,94.1,11.4,3,2,0,0.219,3,2,5.8
E071,10,Medium,17,13,0.784,2,2,47.5,13,47.8,9.2,4,1,1,0.205,3,4,4.9
E071,11,Medium,16,12,0.769,1,2,37.2,8,88.2,10.3,2,2,0,0.118,2,2,4.9
E071,12,High,12,4,0.338,1,1,29.2,14,144.8,11.6,5,1,1,0.361,4,7,9.4
E071,13,High,10,4,0.401,1,1,19.6,16,155.3,10.5,7,1,1,0.42,5,7,9.9
E071,14,High,12,6,0.565,2,2,14.6,21,100.9,13.7,5,0,2,0.471,5,6,7.4
E071,15,High,15,9,0.639,2,2,14.9,19,165.8,10.9,5,1,2,0.276,4,6,8.4
E071,16,High,17,10,0.591,3,1,14.8,16,159.5,13.3,7,0,2,0.345,4,8,8.6
E072,1,Low,15,13,0.923,0,5,76.7,4,9.6,8.7,1,5,0,0.03,0,0,1.7
E072,2,Low,9,8,0.958,0,5,101.0,4,2.0,8.4,1,5,0,0.071,0,1,2.9
E072,3,Low,8,6,0.857,0,4,110.8,4,23.6,8.8,0,5,0,0.045,1,0,1.9
E072,4,Low,16,13,0.864,0,5,112.4,2,24.9,7.3,1,4,0,0.047,0,1,1.9
E072,5,Low,11,10,0.95,0,6,60.2,5,22.9,7.8,0,5,0,0.037,0,0,2.5
E072,6,Low,16,13,0.855,0,6,69.3,5,28.3,7.8,0,4,0,0.072,0,1,2.9
E072,7,Medium,8,6,0.753,1,4,50.4,6,86.4,10.6,2,1,0,0.236,3,2,5.6
E072,8,Medium,9,6,0.713,0,4,36.7,13,52.6,10.9,4,1,0,0.126,3,3,4.8
E072,9,Medium,15,11,0.778,1,2,59.2,8,70.6,11.0,3,2,0,0.167,2,3,5.0
E072,10,Medium,14,11,0.794,1,4,36.5,11,72.6,9.7,4,2,1,0.131,2,3,5.3
E072,11,Medium,17,13,0.81,1,4,30.7,11,45.7,10.2,4,1,1,0.124,2,3,5.0
E072,12,High,16,8,0.547,3,2,20.2,16,132.3,10.9,7,1,2,0.488,4,7,8.7
E072,13,High,10,3,0.364,1,1,18.6,17,132.1,12.2,7,0,2,0.366,6,6,7.4
E072,14,High,9,4,0.462,1,1,27.5,21,153.0,11.8,5,1,2,0.395,6,5,7.2
E072,15,High,14,5,0.369,1,1,15.8,16,105.6,11.8,5,1,1,0.318,5,7,7.4
E072,16,High,9,4,0.552,1,1,13.7,14,127.2,13.6,6,0,2,0.352,5,5,7.3
E073,1,Low,16,14,0.895,0,5,105.5,2,17.5,8.9,1,4,0,0.063,0,1,2.6
E073,2,Low,14,12,0.885,0,5,88.4,4,17.0,8.7,1,4,0,0.038,0,1,1.3
E073,3,Low,15,13,0.899,0,6,73.6,4,39.6,8.3,1,4,0,0.057,1,0,1.5
E073,4,Low,17,16,0.982,0,5,80.9,3,1.4,8.6,1,5,0,0.026,1,1,1.9
E073,5,Low,14,12,0.876,0,4,87.2,2,1.1,7.0,0,3,0,0.035,0,1,2.0
E073,6,Low,14,12,0.861,0,5,95.8,2,13.0,8.0,0,4,0,0.07,1,1,1.8
E073,7,Medium,16,12,0.754,1,3,40.3,10,62.6,9.0,2,2,1,0.116,2,4,4.1
E073,8,Medium,8,6,0.776,1,2,42.7,7,76.3,10.5,4,2,0,0.234,2,2,4.8
E073,9,Medium,11,8,0.806,1,2,51.1,6,89.2,9.2,2,1,0,0.135,2,3,5.2
E073,10,Medium,16,11,0.735,2,2,34.8,13,95.4,11.9,2,1,0,0.199,2,2,4.0
E073,11,Medium,17,12,0.76,2,4,37.0,12,55.9,10.9,4,1,1,0.195,2,3,5.0
E073,12,High,16,5,0.335,1,1,16.6,20,105.9,10.8,6,1,1,0.345,4,8,8.7
E073,13,High,14,7,0.509,2,1,13.5,18,117.0,11.9,6,1,2,0.382,5,8,7.1
E073,14,High,10,3,0.318,1,2,23.5,14,107.2,10.5,6,0,1,0.404,6,8,9.3
E073,15,High,8,4,0.565,1,1,17.5,19,163.8,12.4,6,1,2,0.489,6,8,10.0
E073,16,High,17,7,0.44,3,2,18.7,17,162.1,11.5,5,1,2,0.448,4,8,8.7
E074,1,Low,10,8,0.862,0,4,117.6,4,13.2,7.8,0,5,0,0.056,0,1,1.8
E074,2,Low,8,7,0.882,0,6,72.8,3,39.4,7.4,1,4,0,0.067,1,1,1.8
E074,3,Low,15,13,0.914,0,5,97.5,5,18.8,7.5,1,5,0,0.049,1,0,1.2
E074,4,Low,12,10,0.881,0,6,95.4,4,11.6,7.9,1,4,0,0.073,1,0,1.8
E074,5,Low,14,13,0.958,0,5,100.8,3,34.3,7.8,1,5,0,0.021,0,0,1.9
E074,6,Low,14,13,0.996,0,4,118.0,2,5.6,8.2,1,4,0,0.055,0,1,2.3
E074,7,Medium,16,10,0.67,1,4,56.5,9,50.7,11.1,2,1,1,0.175,2,4,4.3
E074,8,Medium,8,5,0.716,1,4,40.2,6,91.9,9.2,2,2,0,0.218,2,2,5.8
E074,9,Medium,16,11,0.693,1,2,39.8,12,69.8,10.2,3,2,1,0.122,3,3,5.5
E074,10,Medium,10,6,0.698,1,4,32.3,9,49.2,11.5,2,1,0,0.215,2,2,5.7
E074,11,Medium,16,11,0.72,2,2,35.0,6,85.1,9.2,4,2,0,0.194,2,4,5.5
E074,12,High,14,6,0.47,2,2,21.0,21,116.5,13.0,5,1,1,0.485,4,6,9.6
E074,13,High,10,4,0.43,1,2,22.0,14,100.3,11.0,5,0,1,0.409,6,6,8.6
E074,14,High,9,2,0.315,0,1,23.7,20,178.3,12.6,7,1,2,0.348,5,5,7.3
E074,15,High,8,3,0.495,0,1,23.8,18,178.2,11.7,5,1,1,0.316,5,5,8.3
E074,16,High,15,7,0.476,2,2,22.9,21,115.1,10.3,5,1,1,0.313,6,7,8.1
E075,1,Low,12,10,0.877,0,5,75.9,5,24.6,8.8,0,5,0,0.027,1,1,2.0
E075,2,Low,9,8,0.954,0,5,87.7,5,31.3,7.0,0,4,0,0.038,1,1,1.5
E075,3,Low,14,13,0.981,0,4,70.3,2,31.9,8.3,0,4,0,0.046,1,1,1.7
E075,4,Low,13,12,0.933,0,6,102.3,4,8.1,8.7,0,5,0,0.053,0,0,1.9
E075,5,Low,16,14,0.891,0,6,107.7,4,34.1,7.4,1,5,0,0.033,0,1,1.1
E075,6,Low,14,13,0.937,0,5,108.3,5,28.0,7.2,1,5,0,0.075,0,1,2.3
E075,7,Medium,12,8,0.708,1,2,49.6,11,96.2,9.7,4,1,1,0.13,2,3,4.6
E075,8,Medium,10,6,0.68,1,2,40.8,8,66.0,10.4,3,1,0,0.195,2,3,4.7
E075,9,Medium,11,9,0.82,1,4,57.5,9,40.8,9.0,4,2,0,0.15,2,2,4.7
E075,10,Medium,12,9,0.76,1,2,46.1,10,55.3,9.3,4,1,0,0.193,3,3,4.5
E075,11,Medium,17,13,0.802,1,2,50.4,13,41.2,11.2,2,1,0,0.117,3,4,4.6
E075,12,High,17,9,0.532,3,1,25.7,16,146.9,13.1,5,0,1,0.418,6,8,9.0
E075,13,High,15,5,0.397,1,1,21.6,19,152.8,12.2,7,1,1,0.29,6,5,7.3
E075,14,High,15,6,0.432,1,1,13.2,21,173.2,13.0,6,0,1,0.316,5,8,8.6
E075,15,High,15,6,0.466,2,1,17.8,15,150.0,12.0,7,1,2,0.36,6,8,8.7
E075,16,High,10,4,0.459,1,1,19.4,17,110.1,11.5,7,0,1,0.474,5,6,9.7
E076,1,Low,17,14,0.855,0,5,76.7,3,39.5,8.0,0,3,0,0.029,0,1,2.5
E076,2,Low,11,10,0.935,0,6,85.2,5,9.6,7.7,0,3,0,0.055,1,0,2.0
E076,3,Low,8,7,0.931,0,4,72.9,4,33.7,7.6,0,3,0,0.054,1,1,1.5
E076,4,Low,9,7,0.886,0,4,69.9,3,9.8,8.7,1,3,0,0.023,0,0,2.9
E076,5,Low,13,11,0.885,0,6,115.5,4,21.6,8.6,0,5,0,0.056,1,0,2.3
E076,6,Low,9,8,0.902,0,4,111.7,2,12.9,7.2,0,4,0,0.026,1,0,1.1
E076,7,Medium,8,6,0.793,0,3,34.5,13,84.7,9.7,2,1,1,0.166,2,2,4.5
E076,8,Medium,16,13,0.825,2,4,35.2,11,52.8,11.1,3,2,1,0.177,2,2,5.4
E076,9,Medium,9,6,0.698,0,2,55.1,7,57.0,11.2,4,2,1,0.107,3,3,5.6
E076,10,Medium,10,7,0.741,1,4,43.7,11,64.4,9.9,4,2,0,0.183,3,3,4.2
E076,11,Medium,17,11,0.661,2,4,32.5,9,73.6,9.3,2,1,0,0.239,2,3,5.7
E076,12,High,12,4,0.404,1,1,17.8,20,150.3,10.7,7,1,2,0.393,6,8,9.9
E076,13,High,8,4,0.554,1,2,10.6,19,139.0,10.7,5,1,2,0.379,5,7,7.5
E076,14,High,8,2,0.338,0,1,12.7,17,164.2,12.9,5,0,2,0.417,4,8,8.5
E076,15,High,14,4,0.351,1,1,16.0,18,149.1,13.0,7,1,2,0.484,4,7,8.1
E076,16,High,17,8,0.499,3,1,13.6,19,127.4,10.8,6,1,2,0.481,6,7,8.4
E077,1,Low,9,7,0.868,0,4,68.2,5,0.7,7.8,0,5,0,0.062,0,0,2.4
E077,2,Low,10,8,0.894,0,4,69.7,3,38.2,7.8,0,4,0,0.069,0,0,2.3
E077,3,Low,13,11,0.887,0,4,63.5,2,29.8,8.5,1,5,0,0.056,0,1,1.2
E077,4,Low,17,16,0.963,1,4,95.5,4,15.9,8.0,0,5,0,0.068,0,1,1.9
E077,5,Low,17,14,0.872,0,6,72.8,3,24.4,8.9,1,4,0,0.066,1,1,1.8
E077,6,Low,17,15,0.903,0,4,64.7,2,16.7,7.6,0,5,0,0.061,0,0,1.9
E077,7,Medium,14,9,0.696,2,4,43.7,12,87.2,10.6,2,1,0,0.233,3,3,4.5
E077,8,Medium,12,9,0.817,1,4,40.4,11,52.5,11.4,4,2,0,0.198,3,3,5.9
E077,9,Medium,8,6,0.798,1,4,45.6,9,64.0,11.2,2,1,0,0.2,3,4,5.8
E077,10,Medium,16,10,0.683,2,4,43.1,6,94.4,10.9,3,2,1,0.213,3,3,5.1
E077,11,Medium,9,6,0.672,1,3,38.0,6,58.7,11.9,4,1,0,0.184,3,4,5.4
E077,12,High,16,7,0.445,1,1,27.5,20,126.7,11.4,7,0,2,0.26,4,8,7.9
E077,13,High,10,4,0.495,1,1,21.6,21,171.2,12.2,5,1,2,0.279,5,6,8.5
E077,14,High,11,5,0.481,1,2,20.1,20,151.6,12.8,5,1,2,0.357,5,7,7.0
E077,15,High,16,9,0.572,3,1,27.6,20,142.7,11.4,6,1,1,0.405,5,8,7.9
E077,16,High,13,6,0.529,2,1,23.6,17,121.2,11.2,5,1,2,0.394,6,5,8.3
E078,1,Low,12,10,0.868,0,4,85.2,3,4.8,8.5,0,4,0,0.08,1,0,1.1
E078,2,Low,12,10,0.88,0,5,68.2,4,17.0,8.5,0,5,0,0.034,0,0,2.9
E078,3,Low,15,14,0.997,0,5,69.7,2,1.4,7.3,1,5,0,0.031,1,0,1.2
E078,4,Low,10,9,0.978,0,6,114.5,5,36.0,7.2,1,5,0,0.075,0,1,1.1
E078,5,Low,17,16,0.988,1,4,116.4,5,1.4,9.0,1,3,0,0.078,1,0,2.9
E078,6,Low,12,10,0.879,0,5,101.3,5,32.8,8.2,1,3,0,0.054,0,0,2.5
E078,7,Medium,9,6,0.711,1,3,55.4,13,56.6,9.7,2,2,0,0.23,2,4,5.4
E078,8,Medium,14,9,0.696,1,4,31.2,13,93.1,9.3,4,2,0,0.154,3,4,4.2
E078,9,Medium,8,6,0.778,1,2,43.3,13,67.4,10.6,4,2,0,0.243,3,2,5.8
E078,10,Medium,14,9,0.684,1,3,34.5,13,71.1,11.8,4,2,0,0.149,3,3,4.7
E078,11,Medium,15,10,0.697,1,2,38.3,13,49.9,9.5,2,2,0,0.19,2,3,5.1
E078,12,High,11,5,0.529,2,1,20.6,14,114.5,12.2,5,0,1,0.454,5,7,9.5
E078,13,High,8,3,0.421,1,2,13.4,17,170.6,11.2,5,0,2,0.336,4,8,9.1
E078,14,High,9,3,0.393,0,2,17.1,18,169.0,13.2,5,1,2,0.291,4,7,8.1
E078,15,High,17,6,0.402,2,2,25.3,14,157.0,12.5,7,1,1,0.451,4,5,7.1
E078,16,High,9,2,0.331,0,2,19.6,15,141.8,11.3,6,1,1,0.302,6,7,7.1
E079,1,Low,15,14,0.987,1,6,66.3,4,6.8,8.7,1,5,0,0.075,0,1,1.8
E079,2,Low,8,7,0.942,0,5,75.8,2,39.8,8.9,0,5,0,0.073,0,1,2.9
E079,3,Low,12,10,0.901,0,5,101.8,5,29.1,8.9,0,5,0,0.06,1,0,2.6
E079,4,Low,14,12,0.915,0,5,74.5,3,18.8,8.1,1,5,0,0.028,1,1,2.2
E079,5,Low,10,8,0.881,0,4,79.1,2,21.5,8.8,1,4,0,0.062,1,0,1.9
E079,6,Low,16,15,0.959,1,4,73.2,5,15.5,8.3,0,3,0,0.078,1,1,1.7
E079,7,Medium,13,8,0.671,1,3,57.9,10,90.9,9.7,4,2,1,0.248,3,4,4.6
E079,8,Medium,13,8,0.664,1,2,46.8,6,59.0,11.9,2,1,0,0.128,2,2,5.0
E079,9,Medium,16,11,0.708,2,4,45.1,12,72.5,9.7,4,1,1,0.228,3,4,4.3
E079,10,Medium,17,13,0.77,2,3,31.0,7,52.6,9.6,3,2,0,0.154,3,2,6.0
E079,11,Medium,9,7,0.815,0,2,43.2,8,56.7,10.7,3,2,1,0.141,3,2,4.9
E079,12,High,8,4,0.547,1,1,23.5,21,151.7,11.1,6,1,1,0.484,4,7,7.0
E079,13,High,9,3,0.436,1,1,23.5,19,150.6,10.5,6,0,1,0.432,6,8,8.3
E079,14,High,13,4,0.372,1,2,26.7,20,127.7,10.1,5,1,2,0.331,5,5,7.9
E079,15,High,17,10,0.626,2,1,13.7,15,176.7,13.4,6,1,2,0.293,6,6,9.6
E079,16,High,15,7,0.504,2,2,18.4,18,114.0,11.4,5,1,2,0.309,5,5,9.9
E080,1,Low,14,13,0.935,0,4,74.1,3,37.8,8.6,0,4,0,0.024,0,0,2.8
E080,2,Low,9,8,0.959,0,5,65.6,2,25.9,8.4,0,3,0,0.034,1,1,2.4
E080,3,Low,14,12,0.92,0,5,90.8,2,27.2,8.5,0,3,0,0.05,1,0,1.4
E080,4,Low,16,14,0.916,0,5,94.0,2,11.2,8.3,1,3,0,0.041,1,0,2.1
E080,5,Low,16,15,0.948,0,5,87.6,2,12.4,8.0,0,3,0,0.045,1,0,2.7
E080,6,Low,8,7,0.909,0,4,74.9,2,1.8,7.6,1,4,0,0.069,0,0,1.6
E080,7,Medium,15,10,0.732,2,3,50.0,7,55.7,11.6,2,1,0,0.209,3,2,6.0
E080,8,Medium,17,12,0.762,2,3,37.7,10,64.4,11.6,2,2,0,0.211,3,2,5.2
E080,9,Medium,9,6,0.697,1,4,46.7,6,67.5,10.7,2,1,1,0.222,2,2,4.7
E080,10,Medium,13,8,0.681,1,3,32.4,8,66.8,9.9,3,1,1,0.126,3,4,4.7
E080,11,Medium,11,8,0.755,1,2,51.7,6,72.9,10.4,4,1,1,0.162,2,4,5.2
E080,12,High,8,3,0.46,0,2,21.3,15,151.9,13.5,7,0,2,0.28,5,8,7.1
E080,13,High,9,3,0.37,1,1,19.2,18,140.9,12.8,5,0,1,0.483,4,6,7.8
E080,14,High,8,4,0.571,1,1,12.9,15,121.0,11.3,6,1,1,0.476,4,5,8.2
E080,15,High,15,6,0.432,2,2,25.6,19,161.5,11.6,6,1,1,0.478,5,6,7.7
E080,16,High,13,6,0.513,2,2,21.5,15,164.0,12.6,7,1,2,0.473,4,7,7.2
E081,1,Low,11,9,0.853,0,4,76.8,4,1.1,7.1,0,4,0,0.039,1,0,1.4
E081,2,Low,13,11,0.885,0,5,87.9,4,10.0,7.7,1,3,0,0.022,0,1,2.4
E081,3,Low,13,11,0.879,0,5,101.7,5,39.3,8.7,0,3,0,0.079,0,0,2.4
E081,4,Low,15,13,0.925,0,4,111.4,2,26.5,8.4,0,3,0,0.022,0,1,2.6
E081,5,Low,13,11,0.906,0,6,73.6,4,20.2,7.1,1,4,0,0.053,1,1,2.9
E081,6,Low,16,14,0.898,0,5,89.7,4,7.8,7.3,0,4,0,0.051,0,1,2.9
E081,7,Medium,10,6,0.699,0,4,58.4,7,47.8,11.6,2,1,1,0.118,3,4,4.1
E081,8,Medium,14,9,0.666,2,2,42.7,6,63.6,9.9,4,2,0,0.23,2,4,4.8
E081,9,Medium,10,7,0.708,1,2,38.0,13,43.2,11.7,3,2,0,0.208,3,4,5.9
E081,10,Medium,15,10,0.716,1,2,46.1,7,83.7,11.7,4,1,0,0.128,2,4,4.2
E081,11,Medium,17,12,0.725,1,2,40.7,11,59.0,10.5,4,1,0,0.134,3,3,5.7
E081,12,High,9,4,0.544,1,1,28.7,16,152.3,12.6,7,1,1,0.499,5,8,8.9
E081,13,High,14,7,0.563,3,2,15.9,14,132.4,13.6,7,0,1,0.477,6,6,9.9
E081,14,High,8,2,0.353,0,2,18.2,16,148.5,11.4,6,0,1,0.297,4,6,8.5
E081,15,High,15,5,0.35,2,1,21.6,19,118.3,11.7,5,0,1,0.498,4,8,9.5
E081,16,High,15,6,0.444,2,2,15.0,20,138.6,11.2,6,1,1,0.447,5,6,8.8
E082,1,Low,17,16,0.984,0,6,85.1,2,4.8,7.3,1,5,0,0.06,1,0,2.5
E082,2,Low,10,8,0.89,0,4,101.3,2,4.2,7.9,0,5,0,0.043,1,1,1.7
E082,3,Low,17,15,0.928,0,5,118.1,5,9.7,7.0,0,3,0,0.053,1,0,2.4
E082,4,Low,14,12,0.88,0,6,111.2,4,10.0,8.2,1,4,0,0.048,0,1,1.9
E082,5,Low,16,13,0.861,0,4,111.7,3,39.9,8.8,1,3,0,0.068,1,1,1.3
E082,6,Low,15,14,0.983,0,5,116.5,5,2.1,8.1,0,3,0,0.037,1,1,1.0
E082,7,Medium,12,9,0.801,1,2,43.5,6,85.8,9.5,3,2,0,0.174,3,2,4.7
E082,8,Medium,11,7,0.675,1,4,51.4,6,65.8,10.7,4,2,0,0.234,3,2,5.0
E082,9,Medium,13,9,0.709,1,2,35.7,11,59.0,9.6,3,1,1,0.115,2,2,4.4
E082,10,Medium,10,6,0.682,0,2,58.6,12,53.1,11.2,3,2,0,0.151,2,3,5.9
E082,11,Medium,14,9,0.689,1,3,35.6,9,48.1,10.2,3,1,1,0.218,2,2,5.4
E082,12,High,9,2,0.332,0,2,17.3,17,154.3,12.9,7,1,2,0.319,6,6,7.7
E082,13,High,15,5,0.35,1,2,16.6,14,107.7,12.0,7,0,1,0.37,4,6,9.9
E082,14,High,9,3,0.396,1,1,11.7,21,102.1,12.8,5,0,1,0.454,5,7,9.4
E082,15,High,8,3,0.415,1,2,21.4,16,116.6,13.7,6,1,2,0.339,5,6,7.8
E082,16,High,9,5,0.579,2,1,11.7,14,160.5,10.2,7,1,1,0.407,5,7,9.6
E083,1,Low,12,10,0.889,0,5,114.5,3,23.8,8.7,1,4,0,0.022,1,1,1.8
E083,2,Low,11,10,0.915,0,5,67.4,5,36.3,7.9,0,4,0,0.071,0,1,2.6
E083,3,Low,10,9,0.923,0,4,117.1,5,7.0,7.5,0,3,0,0.056,1,1,2.0
E083,4,Low,16,13,0.855,0,6,60.4,4,5.5,8.4,0,4,0,0.044,1,0,2.9
E083,5,Low,12,11,0.963,0,4,61.7,5,20.5,7.6,1,5,0,0.046,1,0,2.4
E083,6,Low,15,13,0.87,0,6,68.8,4,31.6,7.4,0,3,0,0.056,0,0,1.4
E083,7,Medium,17,13,0.816,2,3,45.3,8,58.6,9.9,3,2,0,0.209,2,2,5.6
E083,8,Medium,15,12,0.822,1,4,39.7,13,58.6,10.9,3,1,0,0.134,3,2,5.8
E083,9,Medium,17,14,0.831,2,4,44.0,9,79.9,11.4,3,2,1,0.2,3,2,4.4
E083,10,Medium,9,6,0.698,0,3,38.8,13,93.7,11.3,4,1,0,0.118,3,3,4.2
E083,11,Medium,14,10,0.768,1,2,51.1,7,62.6,11.8,4,2,1,0.135,3,4,4.3
E083,12,High,9,2,0.317,0,1,19.5,18,160.7,11.3,5,0,1,0.362,5,7,8.0
E083,13,High,16,8,0.513,2,2,13.7,21,158.8,10.2,7,1,2,0.34,4,7,9.1
E083,14,High,12,6,0.51,1,1,16.7,21,161.1,11.7,6,0,1,0.311,5,7,8.1
E083,15,High,15,8,0.553,2,1,11.6,21,127.6,10.8,7,0,1,0.272,4,5,9.1
E083,16,High,8,4,0.54,1,1,24.8,14,151.7,11.4,7,0,1,0.446,5,8,8.8
E084,1,Low,10,8,0.883,0,6,115.8,4,27.4,7.1,0,5,0,0.04,0,1,2.5
E084,2,Low,9,7,0.879,0,5,96.5,2,0.4,7.4,1,5,0,0.071,1,1,1.6
E084,3,Low,12,11,0.954,0,6,60.6,4,5.3,8.3,0,5,0,0.022,1,0,1.5
E084,4,Low,17,16,0.979,0,4,93.2,2,16.0,8.5,1,4,0,0.025,0,1,2.0
E084,5,Low,16,13,0.861,0,6,83.3,4,29.0,8.6,1,3,0,0.076,1,0,2.4
E084,6,Low,10,8,0.89,0,4,94.4,4,0.8,8.9,1,4,0,0.069,0,0,1.7
E084,7,Medium,16,12,0.753,2,3,40.4,12,49.8,10.4,2,2,0,0.173,2,3,4.4
E084,8,Medium,16,12,0.759,1,3,47.8,10,64.5,10.6,2,1,0,0.165,3,2,5.7
E084,9,Medium,14,9,0.686,1,4,58.0,11,51.5,11.7,3,1,1,0.14,3,2,5.1
E084,10,Medium,14,9,0.692,1,2,46.9,10,89.4,10.2,3,1,1,0.122,3,2,4.9
E084,11,Medium,15,11,0.794,1,4,39.0,8,59.5,11.4,3,2,1,0.141,2,3,5.2
E084,12,High,17,5,0.35,2,1,16.6,14,109.7,11.3,6,1,1,0.45,6,7,7.6
E084,13,High,10,3,0.385,1,2,25.0,17,108.7,10.7,5,1,2,0.348,5,7,9.9
E084,14,High,14,6,0.479,1,1,29.5,14,134.8,11.6,5,1,2,0.323,5,7,9.2
E084,15,High,13,6,0.491,2,1,22.8,16,108.8,13.3,5,1,2,0.386,4,6,8.0
E084,16,High,17,5,0.324,1,1,29.7,15,111.3,10.5,7,0,1,0.339,6,8,9.2
E085,1,Low,13,11,0.919,0,6,99.4,5,30.2,8.0,1,4,0,0.035,1,1,1.2
E085,2,Low,10,8,0.897,0,5,101.2,5,35.5,8.5,1,4,0,0.033,0,0,2.0
E085,3,Low,10,8,0.859,0,6,68.4,2,37.1,7.0,0,4,0,0.03,1,1,2.7
E085,4,Low,8,7,0.975,0,5,111.6,4,28.0,8.3,0,4,0,0.061,1,0,1.7
E085,5,Low,16,14,0.897,0,5,80.9,5,14.1,8.5,1,5,0,0.06,0,0,2.9
E085,6,Low,15,14,0.938,0,6,75.5,5,24.1,9.0,0,4,0,0.047,0,0,2.6
E085,7,Medium,11,9,0.834,1,2,56.0,13,65.2,9.2,3,2,0,0.206,2,4,5.3
E085,8,Medium,10,7,0.795,0,3,46.3,13,68.1,11.7,3,2,0,0.136,3,3,4.9
E085,9,Medium,16,13,0.826,1,2,31.2,7,97.5,9.8,4,2,0,0.118,3,4,4.3
E085,10,Medium,13,10,0.813,1,2,42.3,8,66.5,10.6,4,1,0,0.19,3,3,5.4
E085,11,Medium,13,8,0.669,1,4,47.3,12,52.3,11.7,4,1,0,0.187,3,3,5.7
E085,12,High,17,6,0.36,2,1,14.2,17,168.1,11.7,7,1,1,0.36,4,7,7.5
E085,13,High,15,9,0.638,2,2,27.8,15,138.4,13.3,7,0,2,0.322,5,8,7.8
E085,14,High,17,5,0.328,2,1,12.2,21,137.9,13.3,7,0,1,0.487,6,5,9.7
E085,15,High,8,3,0.47,1,2,25.4,17,128.7,10.8,7,1,1,0.385,6,8,7.7
E085,16,High,10,6,0.604,2,1,10.6,14,153.4,11.8,7,1,1,0.465,6,5,7.7
E086,1,Low,12,10,0.856,0,6,73.0,3,7.3,7.1,1,4,0,0.052,0,0,2.5
E086,2,Low,16,13,0.873,0,5,67.3,3,7.3,8.0,0,5,0,0.031,1,0,1.5
E086,3,Low,12,10,0.909,0,5,86.3,5,0.8,8.4,0,4,0,0.022,0,0,2.6
E086,4,Low,14,13,0.944,0,6,119.2,3,4.9,8.7,1,4,0,0.056,1,0,2.3
E086,5,Low,14,12,0.916,0,4,78.4,3,31.4,7.9,1,4,0,0.05,0,1,1.4
E086,6,Low,13,11,0.871,0,6,102.6,5,1.8,7.3,1,5,0,0.071,1,0,2.5
E086,7,Medium,11,7,0.667,0,4,32.8,6,55.6,10.7,2,1,1,0.106,2,4,5.2
E086,8,Medium,14,11,0.829,2,4,43.9,13,85.4,11.3,2,1,1,0.231,3,4,5.5
E086,9,Medium,17,13,0.806,3,3,54.8,7,87.1,10.4,2,1,1,0.24,2,4,4.4
E086,10,Medium,11,8,0.808,1,2,57.7,6,78.7,10.1,3,2,0,0.221,3,4,4.0
E086,11,Medium,17,12,0.746,1,4,33.5,13,41.9,11.3,2,2,0,0.164,2,3,5.6
E086,12,High,12,4,0.389,1,1,10.8,14,106.3,12.7,7,1,1,0.45,4,7,8.3
E086,13,High,14,7,0.514,2,1,11.7,18,177.5,10.8,5,0,2,0.322,5,6,8.9
E086,14,High,9,5,0.562,1,2,16.9,19,143.7,10.4,6,1,1,0.255,6,6,9.8
E086,15,High,12,4,0.358,1,1,18.8,15,131.3,13.2,7,0,2,0.286,5,6,8.0
E086,16,High,12,7,0.635,2,2,19.9,20,113.5,10.6,5,0,1,0.368,6,7,8.1
E087,1,Low,12,10,0.912,0,4,66.9,3,1.7,9.0,1,4,0,0.024,1,0,3.0
E087,2,Low,10,9,0.978,0,4,114.4,4,1.4,8.5,0,5,0,0.023,1,1,2.0
E087,3,Low,10,9,0.929,0,5,108.3,2,10.5,7.4,1,3,0,0.054,1,0,1.8
E087,4,Low,16,15,0.998,0,4,62.4,2,4.2,7.5,0,4,0,0.041,1,1,1.5
E087,5,Low,16,14,0.898,0,4,106.0,3,25.5,8.5,1,5,0,0.04,0,0,1.1
E087,6,Low,11,10,0.953,0,4,113.1,4,1.0,9.0,0,3,0,0.071,1,0,1.1
E087,7,Medium,13,9,0.725,2,3,36.6,8,68.3,11.9,2,2,1,0.241,2,3,4.9
E087,8,Medium,8,5,0.748,0,4,40.8,11,82.1,11.2,2,1,0,0.109,2,2,5.3
E087,9,Medium,10,7,0.766,1,2,49.4,11,59.6,10.0,3,1,1,0.171,2,3,4.7
E087,10,Medium,13,9,0.75,1,3,52.6,13,79.3,9.9,2,2,0,0.198,3,3,5.1
E087,11,Medium,10,7,0.755,1,4,49.8,6,67.5,11.5,4,1,1,0.224,3,3,4.7
E087,12,High,8,4,0.602,1,2,18.5,14,114.7,13.8,5,1,1,0.336,5,7,10.0
E087,13,High,16,5,0.348,2,2,13.6,19,103.4,11.9,6,0,2,0.47,6,8,8.3
E087,14,High,15,7,0.501,3,2,27.0,16,179.6,13.3,7,0,1,0.459,5,7,10.0
E087,15,High,14,8,0.637,3,1,16.0,14,107.1,11.1,7,0,2,0.378,6,6,9.9
E087,16,High,10,5,0.541,2,2,10.2,16,154.2,12.8,5,0,1,0.494,4,8,9.7
E088,1,Low,13,11,0.902,0,6,68.4,4,18.6,8.0,1,3,0,0.037,1,0,1.2
E088,2,Low,15,14,0.967,0,6,94.5,2,24.1,7.4,0,5,0,0.045,0,1,2.3
E088,3,Low,12,10,0.853,0,6,105.5,5,35.3,8.9,0,3,0,0.05,0,1,1.8
E088,4,Low,15,13,0.883,0,6,66.9,5,27.9,8.0,0,4,0,0.061,1,0,1.4
E088,5,Low,10,9,0.916,0,4,107.3,5,10.9,8.0,1,4,0,0.03,0,1,2.8
E088,6,Low,11,9,0.909,0,5,112.5,5,4.3,8.6,1,4,0,0.022,1,0,2.5
E088,7,Medium,15,10,0.672,1,4,45.7,7,81.0,9.9,3,2,1,0.125,2,3,5.5
E088,8,Medium,15,10,0.721,1,4,34.7,11,88.4,11.0,4,1,1,0.14,3,4,4.2
E088,9,Medium,13,10,0.839,1,3,47.5,6,74.4,11.7,2,1,1,0.138,2,3,5.6
E088,10,Medium,12,8,0.728,0,2,53.5,13,58.4,10.6,3,1,1,0.11,2,3,5.6
E088,11,Medium,9,6,0.767,0,3,41.2,6,94.9,11.6,3,1,1,0.116,2,3,5.1
E088,12,High,12,4,0.343,1,1,21.5,14,143.3,10.1,7,1,2,0.276,5,5,8.0
E088,13,High,8,4,0.615,1,2,12.3,21,173.6,13.6,7,0,2,0.498,6,5,7.6
E088,14,High,13,7,0.597,1,1,18.8,19,111.3,13.3,6,0,1,0.256,6,5,9.7
E088,15,High,17,8,0.493,2,2,28.5,20,140.6,12.2,7,0,2,0.266,6,5,9.6
E088,16,High,8,3,0.439,1,2,26.7,19,166.4,12.6,5,0,2,0.465,5,7,9.9
E089,1,Low,11,9,0.908,0,6,83.1,5,29.6,8.1,1,5,0,0.076,0,0,1.7
E089,2,Low,8,7,0.951,0,6,92.5,2,11.6,7.4,0,4,0,0.064,0,0,2.6
E089,3,Low,10,9,0.967,0,5,73.8,2,11.6,8.7,0,4,0,0.078,1,1,2.0
E089,4,Low,11,9,0.859,0,4,86.6,5,11.7,8.5,1,3,0,0.02,1,0,1.6
E089,5,Low,11,9,0.882,0,5,90.5,3,35.6,7.6,0,3,0,0.047,0,0,1.5
E089,6,Low,12,11,0.955,0,5,90.8,4,30.4,7.3,1,5,0,0.033,0,1,1.5
E089,7,Medium,15,12,0.802,2,3,56.8,13,99.3,10.8,4,2,0,0.207,3,3,4.7
E089,8,Medium,9,6,0.739,0,3,49.4,10,81.0,10.8,4,1,0,0.159,2,2,5.4
E089,9,Medium,10,6,0.694,0,3,52.2,11,47.4,10.3,2,1,1,0.158,2,4,5.5
E089,10,Medium,14,11,0.806,1,4,30.4,9,42.1,11.5,2,1,1,0.111,2,3,5.8
E089,11,Medium,15,9,0.664,1,4,36.1,13,81.1,10.4,2,2,0,0.128,3,3,4.8
E089,12,High,11,4,0.444,1,2,11.4,19,106.2,10.8,6,1,2,0.386,5,6,8.7
E089,13,High,15,9,0.621,3,1,24.8,18,126.1,13.1,5,0,1,0.341,4,5,8.5
E089,14,High,13,6,0.5,2,2,28.4,21,119.9,12.3,5,1,2,0.364,5,8,8.3
E089,15,High,10,4,0.498,1,2,21.2,15,174.1,12.6,6,1,2,0.46,6,8,9.3
E089,16,High,11,4,0.376,1,2,12.5,20,158.0,13.5,5,0,1,0.36,5,7,7.9
E090,1,Low,15,12,0.856,0,6,100.4,5,23.7,8.4,0,5,0,0.07,1,1,1.8
E090,2,Low,14,12,0.91,0,6,66.2,2,6.3,8.0,0,3,0,0.06,1,0,1.5
E090,3,Low,13,12,0.924,0,4,103.7,3,1.7,8.1,0,3,0,0.042,0,0,1.7
E090,4,Low,8,7,0.902,0,6,90.6,5,30.4,7.9,1,5,0,0.066,0,1,2.7
E090,5,Low,13,11,0.922,0,6,71.9,2,30.3,8.3,0,4,0,0.023,1,1,1.5
E090,6,Low,8,7,0.962,0,4,115.2,3,7.4,7.4,0,5,0,0.054,0,0,1.4
E090,7,Medium,15,11,0.765,2,4,38.0,12,92.0,11.5,4,1,0,0.195,2,2,5.4
E090,8,Medium,12,9,0.808,1,2,57.7,7,46.0,11.6,4,2,1,0.197,3,4,5.8
E090,9,Medium,10,8,0.83,1,4,51.8,7,76.5,11.4,2,2,0,0.23,2,4,5.1
E090,10,Medium,12,8,0.68,1,2,35.7,8,75.0,9.4,2,1,1,0.215,3,4,5.3
E090,11,Medium,15,9,0.66,1,4,44.2,7,41.9,10.4,4,2,1,0.166,2,3,4.3
E090,12,High,14,6,0.497,2,2,12.0,15,160.3,12.8,5,0,1,0.486,6,5,8.8
E090,13,High,11,4,0.376,1,1,10.9,21,172.1,10.7,5,0,1,0.367,5,8,7.6
E090,14,High,12,6,0.575,2,2,18.9,20,127.4,10.9,7,1,2,0.414,4,5,7.4
E090,15,High,14,7,0.528,2,2,12.0,20,104.6,10.7,6,0,1,0.306,4,6,7.4
E090,16,High,17,8,0.498,3,2,18.9,19,159.5,13.6,6,1,2,0.48,5,5,9.6
E091,1,Low,10,8,0.859,0,5,70.6,3,1.4,8.0,1,4,0,0.031,0,1,2.3
E091,2,Low,17,14,0.881,0,4,80.5,4,19.9,8.8,1,5,0,0.066,0,1,1.1
E091,3,Low,9,8,0.99,0,5,102.6,5,4.8,8.8,1,5,0,0.061,0,0,1.1
E091,4,Low,12,10,0.906,0,4,102.3,4,25.9,7.7,0,3,0,0.061,0,0,2.2
E091,5,Low,9,8,0.9,0,6,78.9,3,18.0,8.0,1,5,0,0.03,0,0,1.4
E091,6,Low,12,10,0.908,0,6,70.2,5,19.3,8.6,1,5,0,0.076,1,1,1.5
E091,7,Medium,10,7,0.75,1,2,35.3,8,71.3,9.8,2,2,1,0.164,2,3,4.4
E091,8,Medium,13,10,0.836,1,3,46.8,8,54.6,9.7,2,1,1,0.184,2,4,5.1
E091,9,Medium,11,8,0.749,1,4,42.2,10,69.3,10.2,2,1,0,0.127,2,2,4.2
E091,10,Medium,16,13,0.813,1,2,38.5,11,72.4,11.6,4,1,1,0.14,3,2,5.3
E091,11,Medium,14,11,0.839,1,4,43.9,9,42.9,9.4,3,2,0,0.182,2,4,5.1
E091,12,High,13,7,0.612,3,1,30.0,21,136.6,11.5,5,1,1,0.497,4,5,8.2
E091,13,High,8,3,0.461,1,1,24.3,20,115.1,13.2,6,1,1,0.341,6,6,8.7
E091,14,High,17,8,0.508,3,2,28.5,16,129.0,13.7,6,0,2,0.417,5,8,8.7
E091,15,High,13,8,0.618,2,1,16.0,19,105.9,13.0,6,0,2,0.25,6,6,8.1
E091,16,High,8,3,0.379,1,2,19.7,17,112.3,11.4,5,1,1,0.484,6,5,9.8
E092,1,Low,17,15,0.93,0,4,104.3,2,35.6,8.4,0,3,0,0.059,1,1,2.8
E092,2,Low,11,9,0.899,0,4,63.9,2,25.0,7.8,0,3,0,0.079,0,0,1.3
E092,3,Low,8,7,0.941,0,5,86.1,3,2.7,9.0,1,5,0,0.03,0,1,1.3
E092,4,Low,13,12,0.961,0,4,74.0,5,16.3,8.0,0,4,0,0.023,0,0,1.5
E092,5,Low,9,7,0.853,0,5,70.1,2,11.1,7.7,0,3,0,0.031,0,0,1.9
E092,6,Low,12,11,0.975,0,6,61.0,5,18.8,7.2,1,4,0,0.044,0,1,1.0
E092,7,Medium,8,6,0.808,1,4,35.0,7,53.7,10.9,2,2,1,0.2,3,3,5.5
E092,8,Medium,13,8,0.691,1,4,42.0,11,72.0,10.4,2,1,1,0.248,2,3,4.5
E092,9,Medium,12,8,0.691,0,4,42.0,10,68.4,11.4,3,1,0,0.106,2,2,5.7
E092,10,Medium,15,12,0.826,2,4,56.7,9,95.3,11.1,2,1,1,0.198,2,2,4.5
E092,11,Medium,10,7,0.721,1,2,34.5,13,59.2,9.4,3,1,1,0.164,3,3,5.6
E092,12,High,13,6,0.533,2,1,12.3,15,167.6,10.8,7,1,1,0.359,6,6,7.5
E092,13,High,9,3,0.405,0,1,12.5,15,170.6,11.2,7,0,1,0.261,5,5,7.4
E092,14,High,8,4,0.569,1,1,14.3,18,107.3,12.5,7,1,2,0.267,5,8,8.4
E092,15,High,13,8,0.633,3,1,11.3,18,135.6,10.2,7,1,1,0.425,4,6,9.6
E092,16,High,13,6,0.503,1,2,10.7,15,137.4,11.2,6,1,2,0.3,5,8,10.0
E093,1,Low,17,14,0.875,0,6,88.6,2,7.6,7.5,0,3,0,0.043,1,0,2.6
E093,2,Low,9,8,0.985,0,5,96.7,5,33.5,7.1,1,4,0,0.057,0,1,2.0
E093,3,Low,15,14,0.982,0,5,92.8,4,26.9,8.0,1,3,0,0.043,0,0,1.4
E093,4,Low,14,13,0.972,0,4,79.8,3,13.7,8.4,0,3,0,0.031,0,1,1.8
E093,5,Low,17,15,0.919,0,6,84.5,4,24.8,7.9,0,3,0,0.034,1,0,2.2
E093,6,Low,8,7,0.905,0,5,73.9,4,19.1,7.4,1,3,0,0.041,0,0,1.1
E093,7,Medium,11,7,0.666,1,3,41.2,9,57.4,12.0,2,2,1,0.155,3,3,5.1
E093,8,Medium,13,9,0.694,2,3,51.3,8,99.1,11.6,4,2,1,0.237,2,4,4.5
E093,9,Medium,16,10,0.679,1,2,49.6,11,99.5,9.9,2,2,1,0.173,2,4,4.7
E093,10,Medium,11,8,0.772,0,4,30.7,13,50.1,10.2,2,1,0,0.109,2,4,5.8
E093,11,Medium,16,12,0.79,1,4,57.2,10,58.3,10.5,4,2,0,0.14,3,3,5.0
E093,12,High,16,9,0.624,2,2,19.1,21,105.8,13.6,7,0,1,0.292,4,8,8.4
E093,13,High,11,3,0.317,0,2,25.0,15,172.9,11.6,6,0,1,0.278,4,5,8.4
E093,14,High,9,3,0.338,1,1,22.2,15,148.8,12.8,5,0,2,0.356,6,8,7.9
E093,15,High,14,7,0.554,2,2,19.2,16,177.3,12.4,5,1,2,0.384,5,7,8.9
E093,16,High,10,6,0.636,2,1,24.7,15,145.6,14.0,6,0,2,0.387,4,7,10.0
E094,1,Low,11,10,0.93,0,5,108.3,2,33.7,8.0,0,5,0,0.04,0,1,2.0
E094,2,Low,11,10,0.92,0,4,89.2,2,16.3,7.1,1,4,0,0.03,0,0,2.8
E094,3,Low,12,11,0.985,0,5,84.9,2,37.6,8.6,1,4,0,0.032,1,0,1.1
E094,4,Low,13,12,0.965,0,6,74.4,3,8.1,7.1,0,3,0,0.042,1,0,1.6
E094,5,Low,16,14,0.923,0,5,86.8,5,32.7,8.1,1,3,0,0.057,0,1,2.2
E094,6,Low,10,8,0.88,0,4,91.6,2,32.5,7.6,0,4,0,0.075,0,1,2.6
E094,7,Medium,10,7,0.762,0,4,52.8,13,67.9,10.8,4,2,1,0.135,2,3,4.4
E094,8,Medium,15,10,0.701,1,3,38.7,13,71.2,11.6,4,2,0,0.102,2,4,5.4
E094,9,Medium,12,8,0.728,1,4,43.8,7,65.9,10.3,4,2,0,0.169,3,2,4.5
E094,10,Medium,16,12,0.801,1,2,49.6,9,61.7,11.2,3,2,1,0.135,2,2,5.1
E094,11,Medium,12,8,0.701,1,2,47.2,11,53.0,11.3,3,2,1,0.158,3,2,5.2
E094,12,High,12,4,0.387,1,2,25.0,15,134.3,11.6,6,1,2,0.426,6,6,8.8
E094,13,High,16,9,0.585,3,1,11.9,21,106.9,11.7,7,0,2,0.346,5,5,9.5
E094,14,High,12,6,0.523,1,1,12.3,21,155.6,11.4,6,1,1,0.266,5,6,7.5
E094,15,High,14,6,0.487,2,2,11.7,15,107.7,10.9,7,1,2,0.337,6,6,7.7
E094,16,High,17,5,0.311,2,2,20.2,21,154.6,11.0,5,0,1,0.43,4,7,9.4
E095,1,Low,10,8,0.888,0,6,107.9,4,11.4,8.9,0,3,0,0.033,0,1,2.8
E095,2,Low,16,14,0.887,0,4,97.1,2,22.7,7.9,1,5,0,0.027,1,1,2.6
E095,3,Low,17,15,0.897,0,4,63.2,4,26.6,8.8,0,4,0,0.063,1,1,2.8
E095,4,Low,13,11,0.879,0,5,81.9,5,31.7,8.1,0,5,0,0.069,1,1,2.5
E095,5,Low,10,8,0.861,0,4,111.8,5,18.1,7.3,0,5,0,0.054,0,0,2.0
E095,6,Low,17,15,0.936,0,4,87.8,5,14.6,7.1,0,5,0,0.063,1,0,1.3
E095,7,Medium,10,7,0.756,1,2,49.9,12,55.1,10.2,3,1,1,0.228,3,2,4.0
E095,8,Medium,13,10,0.828,1,4,59.6,11,87.8,9.3,3,2,1,0.176,2,3,4.1
E095,9,Medium,14,9,0.657,1,3,46.0,7,59.5,10.3,3,2,0,0.194,3,2,5.6
E095,10,Medium,15,10,0.71,1,4,38.6,11,52.3,11.1,4,1,1,0.125,2,4,5.1
E095,11,Medium,11,8,0.812,1,2,52.2,10,63.9,11.0,3,2,1,0.157,2,3,4.5
E095,12,High,11,5,0.513,1,2,13.9,21,104.4,12.5,7,0,2,0.312,6,8,7.1
E095,13,High,15,5,0.336,2,2,16.6,19,121.0,12.3,5,1,1,0.405,4,5,7.9
E095,14,High,17,7,0.444,1,1,15.9,18,112.4,13.4,7,0,1,0.262,6,8,8.5
E095,15,High,10,3,0.309,1,1,15.1,15,129.7,10.7,5,1,1,0.436,6,8,8.0
E095,16,High,8,2,0.348,0,2,14.2,19,119.0,12.7,5,1,1,0.487,6,8,8.0
E096,1,Low,12,10,0.881,0,6,108.6,3,8.5,7.2,1,3,0,0.053,0,1,2.1
E096,2,Low,12,10,0.916,0,6,75.9,3,15.2,8.4,1,4,0,0.076,0,1,2.4
E096,3,Low,13,11,0.894,0,4,110.1,3,24.6,8.7,0,3,0,0.034,0,0,2.5
E096,4,Low,14,13,0.997,1,5,102.9,2,21.3,8.2,0,3,0,0.078,1,1,2.9
E096,5,Low,9,8,0.936,0,6,113.4,4,36.2,7.0,0,5,0,0.064,0,1,1.4
E096,6,Low,16,13,0.862,0,6,91.3,5,34.3,8.2,0,4,0,0.038,1,1,1.8
E096,7,Medium,14,11,0.838,1,2,48.7,10,98.1,10.5,3,2,1,0.101,2,3,5.3
E096,8,Medium,11,8,0.792,1,4,37.7,13,67.6,9.6,4,2,1,0.231,3,2,5.6
E096,9,Medium,11,8,0.804,1,3,39.3,12,46.6,11.7,4,2,1,0.21,2,4,5.8
E096,10,Medium,9,7,0.788,0,3,52.7,11,60.5,11.7,2,1,0,0.103,3,2,6.0
E096,11,Medium,13,8,0.655,1,2,41.3,13,47.3,9.8,2,1,0,0.194,3,3,4.5
E096,12,High,17,6,0.41,1,1,21.4,15,149.7,13.5,5,0,2,0.316,5,5,9.3
E096,13,High,17,7,0.423,2,2,15.0,19,171.3,14.0,7,0,1,0.393,4,6,8.9
E096,14,High,15,8,0.578,2,2,23.8,16,126.2,12.8,5,0,1,0.348,6,8,8.8
E096,15,High,15,7,0.494,2,1,25.6,20,134.4,13.4,6,0,1,0.29,5,7,7.2
E096,16,High,11,5,0.459,2,2,27.7,17,174.3,11.0,5,1,2,0.458,4,7,7.7
E097,1,Low,17,15,0.926,0,4,82.8,2,8.3,7.3,0,5,0,0.037,0,0,1.9
E097,2,Low,16,14,0.896,1,5,116.7,3,38.6,7.8,0,5,0,0.078,1,1,1.2
E097,3,Low,12,10,0.874,0,6,113.2,2,6.3,7.4,0,4,0,0.062,0,0,1.8
E097,4,Low,13,11,0.86,0,6,106.7,2,21.7,8.2,1,5,0,0.021,0,0,2.3
E097,5,Low,8,7,0.916,0,4,78.0,5,34.1,8.9,0,4,0,0.063,1,1,3.0
E097,6,Low,16,13,0.874,0,5,87.7,3,18.0,7.6,0,3,0,0.036,1,1,1.8
E097,7,Medium,14,10,0.773,2,4,31.0,11,95.9,10.9,3,1,0,0.207,3,4,5.3
E097,8,Medium,13,9,0.701,1,3,46.8,12,44.5,11.8,4,1,1,0.16,2,2,5.1
E097,9,Medium,15,11,0.745,2,3,49.4,9,47.4,10.5,2,1,0,0.229,3,2,4.6
E097,10,Medium,11,7,0.659,1,2,58.6,7,94.2,9.3,3,2,1,0.245,3,2,4.7
E097,11,Medium,13,10,0.786,1,4,51.2,9,67.1,11.2,3,2,0,0.109,2,2,5.6
E097,12,High,13,5,0.45,1,2,13.4,16,155.2,10.2,7,1,1,0.274,4,6,7.2
E097,13,High,13,3,0.305,1,1,11.7,16,159.9,11.3,7,0,2,0.481,4,8,7.6
E097,14,High,9,3,0.427,1,2,21.6,21,170.1,13.3,6,1,2,0.482,4,7,9.4
E097,15,High,12,3,0.328,1,1,20.6,21,144.1,12.5,7,1,1,0.452,4,6,7.5
E097,16,High,17,9,0.573,4,2,22.5,17,156.6,10.5,6,1,1,0.453,4,8,8.0
E098,1,Low,13,11,0.888,0,6,100.4,4,16.6,8.3,1,5,0,0.04,1,0,2.2
E098,2,Low,15,13,0.867,0,6,82.1,2,31.9,8.7,1,4,0,0.039,1,1,2.3
E098,3,Low,14,12,0.914,0,6,89.7,4,23.8,8.8,0,5,0,0.078,0,1,2.8
E098,4,Low,13,12,0.968,0,6,60.4,3,28.2,7.0,0,3,0,0.053,1,1,1.2
E098,5,Low,9,8,0.895,0,5,81.0,2,14.8,7.3,0,3,0,0.057,1,1,1.6
E098,6,Low,15,13,0.928,0,5,105.0,5,22.5,7.2,1,3,0,0.065,0,0,2.9
E098,7,Medium,9,6,0.709,0,3,31.7,12,56.2,9.3,3,1,1,0.139,3,2,4.7
E098,8,Medium,8,5,0.722,0,4,37.6,11,50.8,9.0,4,2,0,0.163,3,2,4.4
E098,9,Medium,11,8,0.795,1,2,45.9,10,65.7,9.4,3,1,0,0.179,3,3,5.1
E098,10,Medium,11,7,0.717,1,3,30.5,12,48.2,11.5,3,1,0,0.162,3,3,5.9
E098,11,Medium,8,5,0.728,0,3,51.0,11,65.8,10.4,4,1,0,0.179,2,3,4.5
E098,12,High,16,9,0.606,3,2,14.9,15,156.7,13.1,5,1,1,0.413,6,7,9.3
E098,13,High,16,8,0.554,2,1,15.2,14,132.8,10.3,5,1,1,0.266,4,7,9.5
E098,14,High,11,4,0.399,1,1,26.7,18,120.8,11.2,7,1,2,0.431,5,7,8.2
E098,15,High,8,2,0.324,0,2,13.1,14,126.1,10.5,7,1,2,0.464,6,8,9.5
E098,16,High,12,4,0.354,1,1,20.0,18,106.0,14.0,6,1,2,0.318,5,7,7.4
E099,1,Low,15,14,0.976,0,4,82.8,5,9.0,7.1,0,5,0,0.064,0,1,1.7
E099,2,Low,10,8,0.862,0,5,82.7,3,0.7,8.7,0,4,0,0.073,0,1,2.9
E099,3,Low,14,13,0.959,1,4,60.1,3,25.9,8.9,1,5,0,0.079,0,0,1.1
E099,4,Low,13,12,0.993,0,6,94.8,3,17.3,7.7,0,4,0,0.05,1,1,1.9
E099,5,Low,11,10,0.942,0,5,63.8,5,14.8,8.2,1,3,0,0.033,0,1,2.8
E099,6,Low,11,10,0.944,0,6,87.6,4,21.9,8.0,1,4,0,0.047,0,0,1.1
E099,7,Medium,8,6,0.754,0,4,49.0,9,73.2,11.8,4,2,0,0.115,2,4,4.3
E099,8,Medium,11,8,0.76,1,3,49.0,12,68.3,10.2,3,1,0,0.136,3,3,6.0
E099,9,Medium,10,7,0.748,0,2,55.4,12,69.5,9.3,4,1,0,0.123,2,4,5.9
E099,10,Medium,9,5,0.664,0,2,30.1,9,77.6,9.0,4,2,1,0.1,2,3,4.3
E099,11,Medium,12,8,0.75,1,3,59.9,7,99.8,11.2,2,2,1,0.212,2,2,6.0
E099,12,High,16,9,0.589,3,1,20.5,21,155.9,12.2,6,0,2,0.401,5,7,8.4
E099,13,High,16,9,0.59,3,1,17.3,16,176.1,13.9,7,0,2,0.413,6,5,8.9
E099,14,High,17,6,0.399,2,1,18.1,20,116.4,10.9,7,1,2,0.388,4,7,10.0
E099,15,High,11,5,0.478,1,2,19.4,14,118.6,10.2,6,1,2,0.303,4,8,7.1
E099,16,High,10,3,0.387,1,1,26.3,16,112.0,11.4,6,1,1,0.373,4,6,8.7
E100,1,Low,16,14,0.918,0,5,96.4,4,0.9,8.9,1,4,0,0.07,1,1,1.7
E100,2,Low,15,14,0.985,0,4,88.6,2,19.9,9.0,1,3,0,0.035,0,0,2.9
E100,3,Low,10,9,0.991,0,5,97.0,4,22.6,7.0,0,5,0,0.022,0,1,2.7
E100,4,Low,8,7,0.946,0,6,91.4,3,25.1,8.8,0,5,0,0.041,1,0,1.6
E100,5,Low,14,13,0.962,0,6,108.8,4,24.7,7.7,1,4,0,0.07,1,0,3.0
E100,6,Low,17,16,0.983,0,4,83.7,2,11.9,8.2,0,4,0,0.049,1,1,1.6
E100,7,Medium,16,11,0.695,1,4,53.5,11,49.0,9.2,4,2,1,0.112,3,2,4.1
E100,8,Medium,9,6,0.748,1,2,52.2,6,83.4,10.1,3,2,1,0.172,2,4,4.7
E100,9,Medium,17,14,0.824,3,4,57.8,8,55.7,9.7,2,2,1,0.227,3,3,4.5
E100,10,Medium,13,10,0.795,1,4,35.5,11,41.9,9.1,3,2,1,0.157,3,2,5.8
E100,11,Medium,13,10,0.813,2,2,35.5,10,72.7,11.5,3,2,1,0.249,2,4,4.2
E100,12,High,14,5,0.374,1,1,18.8,15,108.9,13.2,5,0,2,0.312,6,7,9.2
E100,13,High,14,7,0.532,3,1,14.9,15,171.9,12.1,5,0,2,0.437,5,5,8.6
E100,14,High,9,5,0.556,2,2,20.5,15,154.4,12.3,7,1,1,0.474,6,5,9.2
E100,15,High,13,8,0.633,2,1,23.0,15,133.0,13.9,5,0,1,0.359,6,6,8.5
E100,16,High,14,5,0.423,1,1,21.0,14,176.4,12.3,5,1,2,0.274,5,5,7.8
